阿克苏,41.188341,80.293842,北京,39.92998578,116.395645,3049,CA1276,中国国航,JET,15:40,21:40,阿克苏机场,41.26940127,80.30091874,首都机场,40.06248537,116.5992671,63%,42分钟,1,0,1,0,1,0,1
阿克苏,41.188341,80.293842,重庆,29.54460611,106.530635,2697,CA4576,中国国航,波音737(中),13:35,17:55,阿克苏机场,41.26940127,80.30091874,江北机场,29.715551,106.661763,55%,32分钟,1,0,0,0,0,0,0
阿克苏,41.188341,80.293842,杭州,30.25924446,120.2193754,4360,CZ6919,南方航空,波音737(中),08:00,14:25,阿克苏机场,41.26940127,80.30091874,萧山机场,30.24722389,120.4414091,63%,43分钟,1,1,1,1,1,1,1
阿克苏,41.188341,80.293842,杭州,30.25924446,120.2193754,4360,MF4475,厦门航空,波音737(中),08:00,14:25,阿克苏机场,41.26940127,80.30091874,萧山机场,30.24722389,120.4414091,63%,43分钟,1,1,1,1,1,1,1
阿克苏,41.188341,80.293842,和田,37.15334974,79.91581373,470,CZ6859,南方航空,ERJ-190(中),16:55,17:50,阿克苏机场,41.26940127,80.30091874,和田机场,37.04328485,79.87657551,46%,42分钟,1,0,1,0,0,0,0
阿克苏,41.188341,80.293842,和田,37.15334974,79.91581373,470,MF4427,厦门航空,ERJ-190(中),16:55,17:50,阿克苏机场,41.26940127,80.30091874,和田机场,37.04328485,79.87657551,46%,42分钟,1,0,1,0,0,0,0
阿克苏,41.188341,80.293842,上海,31.24916171,121.4878995,0,HU7354,海南航空,波音737(中),17:20,23:40,阿克苏机场,41.26940127,80.30091874,虹桥机场,31.20016713,121.3555547,33%,47分钟,1,1,1,1,1,1,1
阿克苏,41.188341,80.293842,乌鲁木齐,43.84038035,87.56498774,857,CZ6919,南方航空,波音737(中),08:00,09:20,阿克苏机场,41.26940127,80.30091874,地窝堡机场,43.90839256,87.48112787,83%,40分钟,1,1,1,1,1,1,1
阿克苏,41.188341,80.293842,乌鲁木齐,43.84038035,87.56498774,857,MF4475,厦门航空,波音737(中),08:00,09:20,阿克苏机场,41.26940127,80.30091874,地窝堡机场,43.90839256,87.48112787,83%,40分钟,1,1,1,1,1,1,1
阿克苏,41.188341,80.293842,乌鲁木齐,43.84038035,87.56498774,857,CA8810,中国国航,波音737(中),09:35,10:50,阿克苏机场,41.26940127,80.30091874,地窝堡机场,43.90839256,87.48112787,71%,69分钟,1,1,1,1,1,1,1
阿克苏,41.188341,80.293842,乌鲁木齐,43.84038035,87.56498774,857,SC8810,山东航空,波音737(中),09:35,10:50,阿克苏机场,41.26940127,80.30091874,地窝堡机场,43.90839256,87.48112787,70%,74分钟,1,1,1,1,1,1,1
阿克苏,41.188341,80.293842,乌鲁木齐,43.84038035,87.56498774,857,CZ6862,南方航空,JET,10:20,11:35,阿克苏机场,41.26940127,80.30091874,地窝堡机场,43.90839256,87.48112787,67%,49分钟,1,1,1,1,1,1,1
阿克苏,41.188341,80.293842,乌鲁木齐,43.84038035,87.56498774,857,CZ6866,南方航空,ERJ-190(中),11:30,12:50,阿克苏机场,41.26940127,80.30091874,地窝堡机场,43.90839256,87.48112787,68%,47分钟,0,1,1,1,1,1,1
阿克苏,41.188341,80.293842,乌鲁木齐,43.84038035,87.56498774,857,CZ6866,南方航空,ERJ-190(中),11:30,12:50,阿克苏机场,41.26940127,80.30091874,地窝堡机场,43.90839256,87.48112787,68%,47分钟,1,0,0,0,0,0,0
阿克苏,41.188341,80.293842,乌鲁木齐,43.84038035,87.56498774,857,MF4434,厦门航空,ERJ-190(中),11:30,12:50,阿克苏机场,41.26940127,80.30091874,地窝堡机场,43.90839256,87.48112787,68%,47分钟,1,0,0,0,0,0,0
阿克苏,41.188341,80.293842,乌鲁木齐,43.84038035,87.56498774,857,MF4434,厦门航空,ERJ-190(中),11:30,12:50,阿克苏机场,41.26940127,80.30091874,地窝堡机场,43.90839256,87.48112787,68%,47分钟,0,1,1,1,1,1,1
阿克苏,41.188341,80.293842,乌鲁木齐,43.84038035,87.56498774,857,CZ6870,南方航空,ERJ-190(中),14:35,15:50,阿克苏机场,41.26940127,80.30091874,地窝堡机场,43.90839256,87.48112787,61%,53分钟,1,1,1,1,1,1,1
阿克苏,41.188341,80.293842,乌鲁木齐,43.84038035,87.56498774,857,GS7514,天津航空,ERJ-190(中),14:40,15:55,阿克苏机场,41.26940127,80.30091874,地窝堡机场,43.90839256,87.48112787,63%,42分钟,1,1,1,1,1,1,1
阿克苏,41.188341,80.293842,乌鲁木齐,43.84038035,87.56498774,857,CA1276,中国国航,JET,15:40,17:00,阿克苏机场,41.26940127,80.30091874,地窝堡机场,43.90839256,87.48112787,67%,40分钟,1,0,1,0,1,0,1
阿克苏,41.188341,80.293842,乌鲁木齐,43.84038035,87.56498774,857,HU7354,海南航空,波音737(中),17:20,18:35,阿克苏机场,41.26940127,80.30091874,地窝堡机场,43.90839256,87.48112787,52%,35分钟,1,1,1,1,1,1,1
阿克苏,41.188341,80.293842,乌鲁木齐,43.84038035,87.56498774,857,CZ6864,南方航空,波音737(中),18:40,20:00,阿克苏机场,41.26940127,80.30091874,地窝堡机场,43.90839256,87.48112787,66%,60分钟,0,0,1,0,1,0,1
阿克苏,41.188341,80.293842,乌鲁木齐,43.84038035,87.56498774,857,CZ6860,南方航空,ERJ-190(中),20:25,21:45,阿克苏机场,41.26940127,80.30091874,地窝堡机场,43.90839256,87.48112787,73%,24分钟,0,0,1,0,0,0,0
阿克苏,41.188341,80.293842,乌鲁木齐,43.84038035,87.56498774,857,MF4428,厦门航空,ERJ-190(中),20:25,21:45,阿克苏机场,41.26940127,80.30091874,地窝堡机场,43.90839256,87.48112787,73%,24分钟,0,0,1,0,0,0,0
阿克苏,41.188341,80.293842,乌鲁木齐,43.84038035,87.56498774,857,CZ6860,南方航空,ERJ-190(中),20:40,22:00,阿克苏机场,41.26940127,80.30091874,地窝堡机场,43.90839256,87.48112787,73%,24分钟,1,0,0,0,0,0,0
阿勒泰,47.89013573,87.92621436,乌鲁木齐,43.84038035,87.56498774,450,CZ6844,南方航空,ERJ-190(中),10:35,11:35,阿勒泰机场,47.75797257,88.09238741,地窝堡机场,43.90839256,87.48112787,66%,51分钟,1,1,1,1,1,1,1
阿勒泰,47.89013573,87.92621436,乌鲁木齐,43.84038035,87.56498774,450,CZ8698,南方航空,JET,15:25,16:30,阿勒泰机场,47.75797257,88.09238741,地窝堡机场,43.90839256,87.48112787,56%,54分钟,1,0,0,0,0,0,0
阿勒泰,47.89013573,87.92621436,乌鲁木齐,43.84038035,87.56498774,450,CZ8698,南方航空,ERJ-190(中),22:50,23:55,阿勒泰机场,47.75797257,88.09238741,地窝堡机场,43.90839256,87.48112787,56%,54分钟,0,0,0,1,0,1,0
安庆,30.53789782,117.0587388,北京,39.92998578,116.395645,1082,HU7681,海南航空,波音737(中),18:45,20:40,天柱山机场,30.58957072,117.0587858,首都机场,40.06248537,116.5992671,87%,11分钟,1,1,1,1,0,1,1
安庆,30.53789782,117.0587388,北京,39.92998578,116.395645,1082,HU7681,海南航空,波音737(中),19:10,21:05,天柱山机场,30.58957072,117.0587858,首都机场,40.06248537,116.5992671,87%,11分钟,0,0,0,0,1,0,0
安庆,30.53789782,117.0587388,海口,20.02207128,110.3308018,1738,HU7682,海南航空,波音737(中),12:20,14:50,天柱山机场,30.58957072,117.0587858,美兰机场,19.94518993,110.4673336,89%,14分钟,1,1,1,1,1,1,1
安庆,30.53789782,117.0587388,昆明,25.0491531,102.7146011,1538,8L9960,祥鹏航空,波音737(中),14:00,16:50,天柱山机场,30.58957072,117.0587858,长水机场,25.102871,102.935615,64%,35分钟,0,0,0,0,1,0,0
安庆,30.53789782,117.0587388,昆明,25.0491531,102.7146011,1538,8L9960,祥鹏航空,波音737(中),14:00,17:00,天柱山机场,30.58957072,117.0587858,长水机场,25.102871,102.935615,64%,35分钟,1,0,1,0,0,0,1
安庆,30.53789782,117.0587388,宁波,29.88525897,121.579006,433,8L9959,祥鹏航空,波音737(中),10:05,11:05,天柱山机场,30.58957072,117.0587858,栎社机场,29.82424505,121.4740383,78%,12分钟,1,0,1,0,1,0,1
安庆,30.53789782,117.0587388,厦门,24.48923061,118.103886,710,GS7633,天津航空,其他机型,10:00,11:40,天柱山机场,30.58957072,117.0587858,高崎机场,24.54026952,118.1389623,98%,,1,0,1,0,1,0,1
安庆,30.53789782,117.0587388,西安,34.347507,108.951064,889,GS7634,天津航空,其他机型,14:50,16:50,天柱山机场,30.58957072,117.0587858,咸阳机场,34.44342046,108.7704662,65%,22分钟,1,0,1,0,1,0,1
包头,40.64711943,109.8462385,北京,39.92998578,116.395645,579,CA1136,中国国航,其他机型,08:30,09:55,二里半机场,40.57220914,110.0086252,首都机场,40.06248537,116.5992671,92%,26分钟,1,1,1,1,1,1,1
包头,40.64711943,109.8462385,北京,39.92998578,116.395645,579,HU7126,海南航空,波音737(中),11:10,12:35,二里半机场,40.57220914,110.0086252,首都机场,40.06248537,116.5992671,79%,11分钟,0,0,0,0,0,0,1
包头,40.64711943,109.8462385,北京,39.92998578,116.395645,579,HU7126,海南航空,波音737(中),11:25,12:45,二里半机场,40.57220914,110.0086252,首都机场,40.06248537,116.5992671,79%,11分钟,0,0,1,0,0,0,0
包头,40.64711943,109.8462385,北京,39.92998578,116.395645,579,CA1122,中国国航,波音737(中),12:20,13:40,二里半机场,40.57220914,110.0086252,首都机场,40.06248537,116.5992671,72%,30分钟,1,1,1,1,1,1,1
包头,40.64711943,109.8462385,北京,39.92998578,116.395645,579,HU7126,海南航空,波音737(中),21:40,23:05,二里半机场,40.57220914,110.0086252,首都机场,40.06248537,116.5992671,79%,11分钟,0,1,0,0,0,0,0
包头,40.64711943,109.8462385,北京,39.92998578,116.395645,579,CA1108,中国国航,JET,22:35,23:55,二里半机场,40.57220914,110.0086252,首都机场,40.06248537,116.5992671,96%,,1,0,1,0,1,0,1
包头,40.64711943,109.8462385,北京,39.92998578,116.395645,579,CA1108,中国国航,波音737(中),22:45,00:10,二里半机场,40.57220914,110.0086252,首都机场,40.06248537,116.5992671,96%,,0,1,0,1,0,0,0
包头,40.64711943,109.8462385,北京,39.92998578,116.395645,579,SC1108,山东航空,波音737(中),22:45,00:10,二里半机场,40.57220914,110.0086252,首都机场,40.06248537,116.5992671,96%,,0,1,0,0,0,0,0
包头,40.64711943,109.8462385,北京,39.92998578,116.395645,579,ZH1108,深圳航空,波音737(中),22:45,00:10,二里半机场,40.57220914,110.0086252,首都机场,40.06248537,116.5992671,96%,,0,1,0,0,0,0,0
包头,40.64711943,109.8462385,北京,39.92998578,116.395645,579,CA1108,中国国航,波音737(中),22:50,00:25,二里半机场,40.57220914,110.0086252,首都机场,40.06248537,116.5992671,96%,,0,0,0,0,0,1,0
包头,40.64711943,109.8462385,北京,39.92998578,116.395645,579,JD5118,首都航空,空客320(中),23:00,00:35,二里半机场,40.57220914,110.0086252,首都机场,40.06248537,116.5992671,96%,,0,0,1,0,0,1,0
包头,40.64711943,109.8462385,北京,39.92998578,116.395645,579,JD5118,首都航空,空客320(中),23:35,00:55,二里半机场,40.57220914,110.0086252,首都机场,40.06248537,116.5992671,96%,,1,0,0,0,1,0,0
包头,40.64711943,109.8462385,北京,39.92998578,116.395645,579,HU7126,海南航空,波音737(中),23:40,01:05,二里半机场,40.57220914,110.0086252,首都机场,40.06248537,116.5992671,79%,11分钟,0,0,0,1,0,0,0
包头,40.64711943,109.8462385,成都,30.67994285,104.0679235,1630,CZ6455,南方航空,空客320(中),11:05,13:30,二里半机场,40.57220914,110.0086252,双流机场,30.58461845,103.9652352,92%,19分钟,1,0,1,0,1,0,1
包头,40.64711943,109.8462385,广州,23.1200491,113.3076497,1981,CZ3196,南方航空,波音737(中),13:10,18:05,二里半机场,40.57220914,110.0086252,白云机场,23.19093714,113.2728721,78%,34分钟,0,1,0,1,0,1,0
包头,40.64711943,109.8462385,广州,23.1200491,113.3076497,1981,G55004,华夏航空,波音737(中),13:10,18:05,二里半机场,40.57220914,110.0086252,白云机场,23.19093714,113.2728721,77%,35分钟,0,1,0,1,0,1,0
包头,40.64711943,109.8462385,广州,23.1200491,113.3076497,1981,MF1086,厦门航空,波音737(中),13:10,18:05,二里半机场,40.57220914,110.0086252,白云机场,23.19093714,113.2728721,78%,34分钟,0,1,0,1,0,1,0
包头,40.64711943,109.8462385,广州,23.1200491,113.3076497,1981,MU4676,东方航空,波音737(中),13:10,18:05,二里半机场,40.57220914,110.0086252,白云机场,23.19093714,113.2728721,78%,34分钟,0,1,0,1,0,1,0
包头,40.64711943,109.8462385,广州,23.1200491,113.3076497,1981,ZH9146,深圳航空,空客320(中),20:10,23:50,二里半机场,40.57220914,110.0086252,白云机场,23.19093714,113.2728721,100%,,0,1,0,1,0,1,0
包头,40.64711943,109.8462385,哈尔滨,45.77322463,126.6577169,1435,MU5779,东方航空,波音737(中),12:15,14:45,二里半机场,40.57220914,110.0086252,太平机场,45.62907772,126.2496215,82%,7分钟,1,0,1,0,1,0,1
包头,40.64711943,109.8462385,杭州,30.25924446,120.2193754,1642,HU7156,海南航空,波音737(中),12:20,16:00,二里半机场,40.57220914,110.0086252,萧山机场,30.24722389,120.4414091,60%,34分钟,1,1,1,1,1,1,1
包头,40.64711943,109.8462385,济南,36.68278473,117.0249671,1084,3U1078,四川航空,波音737(中),20:20,23:35,二里半机场,40.57220914,110.0086252,遥墙机场,36.85781551,117.2202663,100%,,0,0,0,1,0,0,1
包头,40.64711943,109.8462385,济南,36.68278473,117.0249671,1084,3U1078,四川航空,波音737(中),20:20,23:35,二里半机场,40.57220914,110.0086252,遥墙机场,36.85781551,117.2202663,100%,,0,1,1,0,0,0,0
包头,40.64711943,109.8462385,济南,36.68278473,117.0249671,1084,CA4904,中国国航,波音737(中),20:20,23:35,二里半机场,40.57220914,110.0086252,遥墙机场,36.85781551,117.2202663,100%,,0,0,0,1,0,0,1
包头,40.64711943,109.8462385,济南,36.68278473,117.0249671,1084,CA4904,中国国航,波音737(中),20:20,23:35,二里半机场,40.57220914,110.0086252,遥墙机场,36.85781551,117.2202663,100%,,0,1,1,0,0,0,0
包头,40.64711943,109.8462385,济南,36.68278473,117.0249671,1084,SC4904,山东航空,波音737(中),20:20,23:35,二里半机场,40.57220914,110.0086252,遥墙机场,36.85781551,117.2202663,100%,,0,1,1,0,0,0,0
包头,40.64711943,109.8462385,济南,36.68278473,117.0249671,1084,SC4904,山东航空,波音737(中),20:20,23:35,二里半机场,40.57220914,110.0086252,遥墙机场,36.85781551,117.2202663,100%,,0,0,0,1,0,0,1
包头,40.64711943,109.8462385,昆明,25.0491531,102.7146011,1931,MU5780,东方航空,波音737(中),19:20,22:30,二里半机场,40.57220914,110.0086252,长水机场,25.102871,102.935615,82%,12分钟,1,0,1,0,1,0,1
包头,40.64711943,109.8462385,兰州,36.06422553,103.8233054,744,DR6528,瑞丽航空,波音737(中),16:00,17:40,二里半机场,40.57220914,110.0086252,中川机场,36.51357729,103.6246677,95%,7分钟,1,1,1,1,1,1,1
包头,40.64711943,109.8462385,洛阳,34.65736782,112.4475248,1046,CZ6764,南方航空,空客320(中),19:50,21:10,二里半机场,40.57220914,110.0086252,北郊机场,34.66394,112.448501,94%,7分钟,1,0,1,0,0,0,0
包头,40.64711943,109.8462385,青岛,36.1052149,120.3844282,1261,CA4644,中国国航,CRJ(小),21:15,01:05,二里半机场,40.57220914,110.0086252,流亭机场,36.2721234,120.3938044,100%,,0,0,0,1,0,0,0
包头,40.64711943,109.8462385,青岛,36.1052149,120.3844282,1261,CA4644,中国国航,CRJ(小),21:15,01:05,二里半机场,40.57220914,110.0086252,流亭机场,36.2721234,120.3938044,100%,,1,0,0,0,0,1,0
包头,40.64711943,109.8462385,青岛,36.1052149,120.3844282,1261,SC4644,山东航空,CRJ(小),21:15,01:05,二里半机场,40.57220914,110.0086252,流亭机场,36.2721234,120.3938044,100%,,1,0,0,0,0,1,0
包头,40.64711943,109.8462385,青岛,36.1052149,120.3844282,1261,SC4644,山东航空,CRJ(小),21:15,01:05,二里半机场,40.57220914,110.0086252,流亭机场,36.2721234,120.3938044,100%,,0,0,0,1,0,0,0
包头,40.64711943,109.8462385,三亚,18.25777591,109.5227713,2742,JD5399,首都航空,空客321(中),14:40,20:30,二里半机场,40.57220914,110.0086252,凤凰机场,18.31383629,109.4183837,84%,17分钟,1,1,1,0,1,1,1
包头,40.64711943,109.8462385,三亚,18.25777591,109.5227713,2742,JD5399,首都航空,空客321(中),18:15,00:20,二里半机场,40.57220914,110.0086252,凤凰机场,18.31383629,109.4183837,84%,17分钟,0,0,0,1,0,0,0
包头,40.64711943,109.8462385,上海,31.24916171,121.4878995,1650,MU4022,东方航空,空客320(中),20:30,23:25,二里半机场,40.57220914,110.0086252,浦东机场,31.1553416,121.8104999,98%,,1,0,0,0,1,0,0
包头,40.64711943,109.8462385,上海,31.24916171,121.4878995,1650,HO1058,吉祥航空,空客320(中),21:00,23:50,二里半机场,40.57220914,110.0086252,虹桥机场,31.20016713,121.3555547,98%,,0,1,0,1,0,1,0
包头,40.64711943,109.8462385,沈阳,41.80864478,123.4327909,1228,CZ6456,南方航空,空客320(中),17:55,20:05,二里半机场,40.57220914,110.0086252,桃仙机场,41.64341169,123.5009056,92%,14分钟,1,0,1,0,1,0,1
包头,40.64711943,109.8462385,沈阳,41.80864478,123.4327909,1228,CZ6414,南方航空,空客319(中),20:45,22:45,二里半机场,40.57220914,110.0086252,桃仙机场,41.64341169,123.5009056,87%,25分钟,0,1,0,1,0,1,0
包头,40.64711943,109.8462385,深圳,22.54605355,114.0259737,2250,CZ6764,南方航空,空客320(中),19:50,00:20,二里半机场,40.57220914,110.0086252,宝安机场,22.64648838,113.8368339,76%,17分钟,1,0,1,0,0,0,0
包头,40.64711943,109.8462385,石家庄,38.04895831,114.5220818,560,HU7156,海南航空,波音737(中),12:20,13:20,二里半机场,40.57220914,110.0086252,正定机场,38.28895505,114.6989382,82%,18分钟,1,1,1,1,1,1,1
包头,40.64711943,109.8462385,太原,37.89027705,112.5508636,426,3U1078,四川航空,波音737(中),20:20,21:30,二里半机场,40.57220914,110.0086252,武宿机场,37.76147318,112.637907,100%,,0,1,1,0,0,0,0
包头,40.64711943,109.8462385,太原,37.89027705,112.5508636,426,3U1078,四川航空,波音737(中),20:20,21:30,二里半机场,40.57220914,110.0086252,武宿机场,37.76147318,112.637907,100%,,0,0,0,1,0,0,1
包头,40.64711943,109.8462385,太原,37.89027705,112.5508636,426,CA4904,中国国航,波音737(中),20:20,21:30,二里半机场,40.57220914,110.0086252,武宿机场,37.76147318,112.637907,100%,,0,1,1,0,0,0,0
包头,40.64711943,109.8462385,太原,37.89027705,112.5508636,426,CA4904,中国国航,波音737(中),20:20,21:30,二里半机场,40.57220914,110.0086252,武宿机场,37.76147318,112.637907,100%,,0,0,0,1,0,0,1
包头,40.64711943,109.8462385,太原,37.89027705,112.5508636,426,SC4904,山东航空,波音737(中),20:20,21:30,二里半机场,40.57220914,110.0086252,武宿机场,37.76147318,112.637907,100%,,0,0,0,1,0,0,1
包头,40.64711943,109.8462385,太原,37.89027705,112.5508636,426,SC4904,山东航空,波音737(中),20:20,21:30,二里半机场,40.57220914,110.0086252,武宿机场,37.76147318,112.637907,100%,,0,1,1,0,0,0,0
包头,40.64711943,109.8462385,天津,39.1439299,117.2108131,818,CA4644,中国国航,CRJ(小),21:15,22:45,二里半机场,40.57220914,110.0086252,滨海机场,39.13701,117.368077,77%,10分钟,0,0,0,1,0,0,0
包头,40.64711943,109.8462385,天津,39.1439299,117.2108131,818,CA4644,中国国航,CRJ(小),21:15,22:45,二里半机场,40.57220914,110.0086252,滨海机场,39.13701,117.368077,77%,10分钟,1,0,0,0,0,1,0
包头,40.64711943,109.8462385,天津,39.1439299,117.2108131,818,SC4644,山东航空,CRJ(小),21:15,22:45,二里半机场,40.57220914,110.0086252,滨海机场,39.13701,117.368077,77%,10分钟,0,0,0,1,0,0,0
包头,40.64711943,109.8462385,天津,39.1439299,117.2108131,818,SC4644,山东航空,CRJ(小),21:15,22:45,二里半机场,40.57220914,110.0086252,滨海机场,39.13701,117.368077,77%,10分钟,1,0,0,0,0,1,0
包头,40.64711943,109.8462385,武汉,30.58108413,114.3162001,1249,DR6528,瑞丽航空,波音737(中),16:00,20:30,二里半机场,40.57220914,110.0086252,天河机场,30.78190847,114.2251467,95%,7分钟,1,1,1,1,1,1,1
包头,40.64711943,109.8462385,乌鲁木齐,43.84038035,87.56498774,2085,CZ6413,南方航空,空客319(中),12:40,16:05,二里半机场,40.57220914,110.0086252,地窝堡机场,43.90839256,87.48112787,95%,12分钟,0,1,0,1,0,1,0
包头,40.64711943,109.8462385,郑州,34.75661006,113.6496439,886,CZ3196,南方航空,波音737(中),13:10,14:50,二里半机场,40.57220914,110.0086252,新郑机场,34.53146214,113.8526054,77%,46分钟,0,1,0,1,0,1,0
包头,40.64711943,109.8462385,郑州,34.75661006,113.6496439,886,G55004,华夏航空,波音737(中),13:10,14:50,二里半机场,40.57220914,110.0086252,新郑机场,34.53146214,113.8526054,78%,40分钟,0,1,0,1,0,1,0
包头,40.64711943,109.8462385,郑州,34.75661006,113.6496439,886,MF1086,厦门航空,波音737(中),13:10,14:50,二里半机场,40.57220914,110.0086252,新郑机场,34.53146214,113.8526054,78%,38分钟,0,1,0,1,0,1,0
包头,40.64711943,109.8462385,郑州,34.75661006,113.6496439,886,MU4676,东方航空,波音737(中),13:10,14:50,二里半机场,40.57220914,110.0086252,新郑机场,34.53146214,113.8526054,78%,38分钟,0,1,0,1,0,1,0
包头,40.64711943,109.8462385,郑州,34.75661006,113.6496439,886,JD5399,首都航空,空客321(中),14:40,16:10,二里半机场,40.57220914,110.0086252,新郑机场,34.53146214,113.8526054,91%,11分钟,1,1,1,0,1,1,1
包头,40.64711943,109.8462385,郑州,34.75661006,113.6496439,886,JD5399,首都航空,空客321(中),18:15,20:00,二里半机场,40.57220914,110.0086252,新郑机场,34.53146214,113.8526054,91%,11分钟,0,0,0,1,0,0,0
保山,25.1204892,99.17799561,北京,39.92998578,116.395645,3000,MU9741,东方航空,波音737(中),20:30,23:50,保山机场,25.05772827,99.1721355,首都机场,40.06248537,116.5992671,26%,54分钟,0,1,0,1,0,0,0
保山,25.1204892,99.17799561,北京,39.92998578,116.395645,3000,MU9741,东方航空,波音737(中),21:00,00:20,保山机场,25.05772827,99.1721355,首都机场,40.06248537,116.5992671,26%,54分钟,0,0,0,0,0,1,0
保山,25.1204892,99.17799561,广州,23.1200491,113.3076497,1730,MU5737,东方航空,JET,13:30,17:50,保山机场,25.05772827,99.1721355,白云机场,23.19093714,113.2728721,96%,,1,1,1,1,1,1,1
保山,25.1204892,99.17799561,杭州,30.25924446,120.2193754,2172,MU5793,东方航空,波音737(中),10:20,13:15,保山机场,25.05772827,99.1721355,萧山机场,30.24722389,120.4414091,92%,17分钟,1,0,1,0,1,0,0
保山,25.1204892,99.17799561,昆明,25.0491531,102.7146011,373,MU5988,东方航空,波音737(中),10:25,11:35,保山机场,25.05772827,99.1721355,长水机场,25.102871,102.935615,67%,28分钟,0,1,0,1,0,1,1
保山,25.1204892,99.17799561,昆明,25.0491531,102.7146011,373,MU9742,东方航空,波音737(中),10:50,12:05,保山机场,25.05772827,99.1721355,长水机场,25.102871,102.935615,44%,101分钟,0,1,0,0,0,0,0
保山,25.1204892,99.17799561,昆明,25.0491531,102.7146011,373,MU9742,东方航空,波音737(中),11:50,12:55,保山机场,25.05772827,99.1721355,长水机场,25.102871,102.935615,44%,101分钟,0,0,0,0,0,1,0
保山,25.1204892,99.17799561,昆明,25.0491531,102.7146011,373,MU9742,东方航空,波音737(中),11:50,13:00,保山机场,25.05772827,99.1721355,长水机场,25.102871,102.935615,44%,101分钟,0,0,0,1,0,0,0
保山,25.1204892,99.17799561,昆明,25.0491531,102.7146011,373,MU5737,东方航空,波音737(中),13:30,14:40,保山机场,25.05772827,99.1721355,长水机场,25.102871,102.935615,88%,20分钟,1,1,1,1,1,1,1
保山,25.1204892,99.17799561,昆明,25.0491531,102.7146011,373,MU5988,东方航空,波音737(中),18:25,19:35,保山机场,25.05772827,99.1721355,长水机场,25.102871,102.935615,67%,28分钟,1,0,1,0,1,0,0
保山,25.1204892,99.17799561,深圳,22.54605355,114.0259737,1515,MU5988,东方航空,JET,10:25,15:50,保山机场,25.05772827,99.1721355,宝安机场,22.64648838,113.8368339,89%,11分钟,0,1,0,1,0,1,1
北海,21.47271824,109.1226279,北京,39.92998578,116.395645,2378,CZ3147,南方航空,空客321(中),08:05,12:55,福成机场,21.54417389,109.2983955,首都机场,40.06248537,116.5992671,84%,10分钟,1,1,1,1,1,1,1
北海,21.47271824,109.1226279,北京,39.92998578,116.395645,2378,CA1882,中国国航,JET,20:50,00:15,福成机场,21.54417389,109.2983955,首都机场,40.06248537,116.5992671,23%,61分钟,0,0,0,0,0,1,0
北海,21.47271824,109.1226279,北京,39.92998578,116.395645,2378,CA1882,中国国航,JET,20:50,00:15,福成机场,21.54417389,109.2983955,首都机场,40.06248537,116.5992671,23%,61分钟,1,1,1,1,1,0,1
北海,21.47271824,109.1226279,北京,39.92998578,116.395645,2378,ZH1882,深圳航空,JET,20:50,00:15,福成机场,21.54417389,109.2983955,首都机场,40.06248537,116.5992671,23%,61分钟,1,1,1,1,1,0,1
北海,21.47271824,109.1226279,北京,39.92998578,116.395645,2378,ZH1882,深圳航空,JET,20:50,00:15,福成机场,21.54417389,109.2983955,首都机场,40.06248537,116.5992671,23%,61分钟,0,0,0,0,0,1,0
北海,21.47271824,109.1226279,长沙,28.21347823,112.9793528,1042,CZ3147,南方航空,空客321(中),08:05,09:45,福成机场,21.54417389,109.2983955,黄花机场,28.19897181,113.2261229,96%,,1,1,1,1,1,1,1
北海,21.47271824,109.1226279,成都,30.67994285,104.0679235,1216,EU2716,成都航空,空客319(中),15:55,18:00,福成机场,21.54417389,109.2983955,双流机场,30.58461845,103.9652352,94%,14分钟,1,0,1,0,1,0,1
北海,21.47271824,109.1226279,重庆,29.54460611,106.530635,1070,EU2717,成都航空,空客319(中),10:10,12:10,福成机场,21.54417389,109.2983955,江北机场,29.715551,106.661763,92%,16分钟,1,0,1,0,1,0,1
北海,21.47271824,109.1226279,重庆,29.54460611,106.530635,1070,CZ3620,南方航空,波音737(中),16:05,17:50,福成机场,21.54417389,109.2983955,江北机场,29.715551,106.661763,92%,18分钟,0,1,0,0,0,0,0
北海,21.47271824,109.1226279,重庆,29.54460611,106.530635,1070,CZ3620,南方航空,波音737(中),16:05,17:50,福成机场,21.54417389,109.2983955,江北机场,29.715551,106.661763,92%,18分钟,1,0,1,1,1,0,1
北海,21.47271824,109.1226279,重庆,29.54460611,106.530635,1070,G55020,华夏航空,波音737(中),16:05,17:50,福成机场,21.54417389,109.2983955,江北机场,29.715551,106.661763,92%,18分钟,0,1,0,1,0,0,0
北海,21.47271824,109.1226279,重庆,29.54460611,106.530635,1070,MF1448,厦门航空,波音737(中),16:05,17:50,福成机场,21.54417389,109.2983955,江北机场,29.715551,106.661763,92%,18分钟,0,1,0,1,0,0,0
北海,21.47271824,109.1226279,重庆,29.54460611,106.530635,1070,CZ3620,南方航空,波音737(中),16:05,18:00,福成机场,21.54417389,109.2983955,江北机场,29.715551,106.661763,92%,18分钟,0,0,0,0,0,1,0
北海,21.47271824,109.1226279,重庆,29.54460611,106.530635,1070,3U2006,四川航空,庞巴迪CRJ900,20:50,00:15,福成机场,21.54417389,109.2983955,江北机场,29.715551,106.661763,86%,10分钟,1,0,0,0,1,0,1
北海,21.47271824,109.1226279,重庆,29.54460611,106.530635,1070,CA5810,中国国航,庞巴迪CRJ900,20:50,00:15,福成机场,21.54417389,109.2983955,江北机场,29.715551,106.661763,86%,10分钟,1,0,0,0,1,0,1
北海,21.47271824,109.1226279,重庆,29.54460611,106.530635,1070,CZ5592,南方航空,庞巴迪CRJ900,20:50,00:15,福成机场,21.54417389,109.2983955,江北机场,29.715551,106.661763,86%,10分钟,1,0,0,0,1,0,1
北海,21.47271824,109.1226279,重庆,29.54460611,106.530635,1070,G52612,华夏航空,庞巴迪CRJ900,20:50,00:15,福成机场,21.54417389,109.2983955,江北机场,29.715551,106.661763,86%,10分钟,1,0,0,0,1,0,1
北海,21.47271824,109.1226279,重庆,29.54460611,106.530635,1070,SC2612,山东航空,庞巴迪CRJ900,20:50,00:15,福成机场,21.54417389,109.2983955,江北机场,29.715551,106.661763,86%,10分钟,1,0,0,0,1,0,1
北海,21.47271824,109.1226279,广州,23.1200491,113.3076497,606,CZ3354,南方航空,波音737(中),08:20,09:40,福成机场,21.54417389,109.2983955,白云机场,23.19093714,113.2728721,99%,,1,1,1,1,1,1,1
北海,21.47271824,109.1226279,桂林,25.26290125,110.2609201,439,CZ6375,南方航空,波音737(中),13:10,14:15,福成机场,21.54417389,109.2983955,两江机场,25.22101289,110.0583873,98%,,1,1,1,1,1,1,1
北海,21.47271824,109.1226279,贵阳,26.62990674,106.7091771,629,3U2006,四川航空,庞巴迪CRJ900,20:50,22:05,福成机场,21.54417389,109.2983955,龙洞堡机场,26.54688851,106.8048428,92%,6分钟,1,0,0,0,1,0,1
北海,21.47271824,109.1226279,贵阳,26.62990674,106.7091771,629,CA5810,中国国航,庞巴迪CRJ900,20:50,22:05,福成机场,21.54417389,109.2983955,龙洞堡机场,26.54688851,106.8048428,92%,6分钟,1,0,0,0,1,0,1
北海,21.47271824,109.1226279,贵阳,26.62990674,106.7091771,629,CZ5592,南方航空,庞巴迪CRJ900,20:50,22:05,福成机场,21.54417389,109.2983955,龙洞堡机场,26.54688851,106.8048428,92%,6分钟,1,0,0,0,1,0,1
北海,21.47271824,109.1226279,贵阳,26.62990674,106.7091771,629,G52612,华夏航空,庞巴迪CRJ900,20:50,22:05,福成机场,21.54417389,109.2983955,龙洞堡机场,26.54688851,106.8048428,92%,6分钟,1,0,0,0,1,0,1
北海,21.47271824,109.1226279,贵阳,26.62990674,106.7091771,629,SC2612,山东航空,庞巴迪CRJ900,20:50,22:05,福成机场,21.54417389,109.2983955,龙洞堡机场,26.54688851,106.8048428,92%,6分钟,1,0,0,0,1,0,1
北海,21.47271824,109.1226279,哈尔滨,45.77322463,126.6577169,3300,CZ3987,南方航空,波音737(中),09:00,15:35,福成机场,21.54417389,109.2983955,太平机场,45.62907772,126.2496215,78%,20分钟,1,0,1,0,1,0,1
北海,21.47271824,109.1226279,哈尔滨,45.77322463,126.6577169,3300,9C8742,春秋航空,空客320(中),09:20,14:20,福成机场,21.54417389,109.2983955,太平机场,45.62907772,126.2496215,96%,16分钟,1,0,1,0,0,0,0
北海,21.47271824,109.1226279,海口,20.02207128,110.3308018,205,GS6556,天津航空,ERJ-190(中),19:55,20:40,福成机场,21.54417389,109.2983955,美兰机场,19.94518993,110.4673336,74%,21分钟,0,1,0,1,0,1,0
北海,21.47271824,109.1226279,杭州,30.25924446,120.2193754,1706,CZ3987,南方航空,波音737(中),09:00,11:20,福成机场,21.54417389,109.2983955,萧山机场,30.24722389,120.4414091,82%,9分钟,1,0,1,0,1,0,1
北海,21.47271824,109.1226279,杭州,30.25924446,120.2193754,1706,CZ6687,南方航空,波音737(中),09:00,11:20,福成机场,21.54417389,109.2983955,萧山机场,30.24722389,120.4414091,97%,,0,1,0,1,0,1,0
北海,21.47271824,109.1226279,昆明,25.0491531,102.7146011,848,DR6570,瑞丽航空,波音737(中),11:20,13:00,福成机场,21.54417389,109.2983955,长水机场,25.102871,102.935615,66%,51分钟,1,1,1,1,1,1,1
北海,21.47271824,109.1226279,丽江,26.87535109,100.2296284,1094,HO1259,吉祥航空,空客320(中),08:45,10:45,福成机场,21.54417389,109.2983955,三义机场,26.67497842,100.2548497,89%,9分钟,1,1,1,1,1,1,1
北海,21.47271824,109.1226279,南昌,28.689578,115.8935275,1058,BK2834,奥凯航空,波音737(中),13:55,15:35,福成机场,21.54417389,109.2983955,昌北机场,28.86218836,115.9200004,17%,65分钟,0,1,0,0,0,1,0
北海,21.47271824,109.1226279,上海,31.24916171,121.4878995,1670,HO1176,吉祥航空,空客321(中),12:25,15:00,福成机场,21.54417389,109.2983955,虹桥机场,31.20016713,121.3555547,84%,10分钟,1,1,1,1,1,1,1
北海,21.47271824,109.1226279,上海,31.24916171,121.4878995,1670,CZ9072,南方航空,空客320(中),13:35,16:20,福成机场,21.54417389,109.2983955,浦东机场,31.1553416,121.8104999,81%,25分钟,1,1,1,1,1,1,1
北海,21.47271824,109.1226279,上海,31.24916171,121.4878995,1670,HO1742,吉祥航空,空客320(中),13:35,16:20,福成机场,21.54417389,109.2983955,浦东机场,31.1553416,121.8104999,81%,25分钟,1,1,1,1,1,1,1
北海,21.47271824,109.1226279,上海,31.24916171,121.4878995,1670,MU5266,东方航空,空客320(中),13:35,16:20,福成机场,21.54417389,109.2983955,浦东机场,31.1553416,121.8104999,81%,25分钟,1,1,1,1,1,1,1
北海,21.47271824,109.1226279,上海,31.24916171,121.4878995,1670,9C8968,春秋航空,空客320(中),19:20,21:55,福成机场,21.54417389,109.2983955,虹桥机场,31.20016713,121.3555547,88%,8分钟,0,0,0,1,0,0,0
北海,21.47271824,109.1226279,上海,31.24916171,121.4878995,1670,9C8968,春秋航空,空客320(中),20:20,22:50,福成机场,21.54417389,109.2983955,虹桥机场,31.20016713,121.3555547,88%,8分钟,1,1,1,0,1,1,1
北海,21.47271824,109.1226279,沈阳,41.80864478,123.4327909,3147,CZ3909,南方航空,波音737(中),08:45,14:15,福成机场,21.54417389,109.2983955,桃仙机场,41.64341169,123.5009056,46%,49分钟,1,0,1,0,1,0,1
北海,21.47271824,109.1226279,沈阳,41.80864478,123.4327909,3147,CZ6687,南方航空,波音737(中),09:00,15:05,福成机场,21.54417389,109.2983955,桃仙机场,41.64341169,123.5009056,91%,15分钟,0,1,0,1,0,1,0
北海,21.47271824,109.1226279,深圳,22.54605355,114.0259737,574,HO1260,吉祥航空,空客320(中),23:35,00:55,福成机场,21.54417389,109.2983955,宝安机场,22.64648838,113.8368339,92%,,1,1,1,1,1,1,1
北海,21.47271824,109.1226279,天津,39.1439299,117.2108131,2095,BK2834,奥凯航空,波音737(中),13:55,18:30,福成机场,21.54417389,109.2983955,滨海机场,39.13701,117.368077,17%,74分钟,0,1,0,0,0,1,0
北海,21.47271824,109.1226279,武汉,30.58108413,114.3162001,1160,CZ3909,南方航空,波音737(中),08:45,10:30,福成机场,21.54417389,109.2983955,天河机场,30.78190847,114.2251467,87%,14分钟,1,0,1,0,1,0,1
北海,21.47271824,109.1226279,西安,34.347507,108.951064,2000,CZ6375,南方航空,波音737(中),13:10,17:05,福成机场,21.54417389,109.2983955,咸阳机场,34.44342046,108.7704662,96%,,1,1,1,1,1,1,1
北海,21.47271824,109.1226279,郑州,34.75661006,113.6496439,1886,CZ3620,南方航空,波音737(中),16:05,20:50,福成机场,21.54417389,109.2983955,新郑机场,34.53146214,113.8526054,95%,9分钟,1,0,1,1,1,1,1
北海,21.47271824,109.1226279,郑州,34.75661006,113.6496439,1886,CZ3620,南方航空,波音737(中),16:05,20:50,福成机场,21.54417389,109.2983955,新郑机场,34.53146214,113.8526054,95%,9分钟,0,1,0,0,0,0,0
北海,21.47271824,109.1226279,郑州,34.75661006,113.6496439,1886,G55020,华夏航空,波音737(中),16:05,20:50,福成机场,21.54417389,109.2983955,新郑机场,34.53146214,113.8526054,95%,9分钟,0,1,0,1,0,0,0
北海,21.47271824,109.1226279,郑州,34.75661006,113.6496439,1886,MF1448,厦门航空,波音737(中),16:05,20:50,福成机场,21.54417389,109.2983955,新郑机场,34.53146214,113.8526054,95%,9分钟,0,1,0,1,0,0,0
北海,21.47271824,109.1226279,遵义,27.69996138,106.9312603,722,GS6555,天津航空,ERJ-190(中),08:35,10:05,福成机场,21.54417389,109.2983955,遵义机场,27.69996138,106.9312603,85%,19分钟,0,1,0,1,0,1,0
北京,39.92998578,116.395645,阿克苏,41.188341,80.293842,3049,CA1275,中国国航,JET,07:30,13:55,首都机场,40.06248537,116.5992671,阿克苏机场,41.26940127,80.30091874,44%,65分钟,1,0,1,0,1,0,1
北京,39.92998578,116.395645,安庆,30.53789782,117.0587388,1082,HU7682,海南航空,波音737(中),09:15,11:30,首都机场,40.06248537,116.5992671,天柱山机场,30.58957072,117.0587858,87%,11分钟,1,1,1,1,1,1,1
北京,39.92998578,116.395645,鞍山,41.11874368,123.0077633,651,CZ6114,南方航空,空客320(中),09:20,10:50,首都机场,40.06248537,116.5992671,鞍山机场,41.11874368,123.0077633,84%,9分钟,1,0,1,1,1,1,1
北京,39.92998578,116.395645,鞍山,41.11874368,123.0077633,651,MF1795,厦门航空,空客320(中),09:20,10:50,首都机场,40.06248537,116.5992671,鞍山机场,41.11874368,123.0077633,84%,9分钟,1,0,1,1,1,1,1
北京,39.92998578,116.395645,保山,25.1204892,99.17799561,3000,MU9742,东方航空,波音737(中),06:20,10:00,首都机场,40.06248537,116.5992671,保山机场,25.05772827,99.1721355,36%,94分钟,0,1,0,0,0,0,0
北京,39.92998578,116.395645,保山,25.1204892,99.17799561,3000,MU9742,东方航空,波音737(中),07:25,11:05,首都机场,40.06248537,116.5992671,保山机场,25.05772827,99.1721355,36%,94分钟,0,0,0,1,0,0,0
北京,39.92998578,116.395645,保山,25.1204892,99.17799561,3000,MU9742,东方航空,波音737(中),07:30,11:05,首都机场,40.06248537,116.5992671,保山机场,25.05772827,99.1721355,36%,94分钟,0,0,0,0,0,1,0
北京,39.92998578,116.395645,包头,40.64711943,109.8462385,579,CA1135,中国国航,其他机型,06:05,07:45,首都机场,40.06248537,116.5992671,二里半机场,40.57220914,110.0086252,94%,25分钟,1,1,1,1,1,1,1
北京,39.92998578,116.395645,包头,40.64711943,109.8462385,579,HU7125,海南航空,波音737(中),08:20,10:00,首都机场,40.06248537,116.5992671,二里半机场,40.57220914,110.0086252,92%,,0,0,0,0,0,0,1
北京,39.92998578,116.395645,包头,40.64711943,109.8462385,579,HU7125,海南航空,波音737(中),09:05,10:40,首都机场,40.06248537,116.5992671,二里半机场,40.57220914,110.0086252,92%,,0,0,1,0,0,0,0
北京,39.92998578,116.395645,包头,40.64711943,109.8462385,579,CA1121,中国国航,波音737(中),09:50,11:35,首都机场,40.06248537,116.5992671,二里半机场,40.57220914,110.0086252,82%,23分钟,1,0,0,0,0,1,1
北京,39.92998578,116.395645,包头,40.64711943,109.8462385,579,CA1121,中国国航,波音737(中),09:55,11:35,首都机场,40.06248537,116.5992671,二里半机场,40.57220914,110.0086252,82%,23分钟,0,1,1,1,1,0,0
北京,39.92998578,116.395645,包头,40.64711943,109.8462385,579,HU7125,海南航空,波音737(中),19:05,20:45,首都机场,40.06248537,116.5992671,二里半机场,40.57220914,110.0086252,92%,,0,1,0,0,0,0,0
北京,39.92998578,116.395645,包头,40.64711943,109.8462385,579,JD5117,首都航空,空客320(中),19:05,20:55,首都机场,40.06248537,116.5992671,二里半机场,40.57220914,110.0086252,94%,6分钟,0,0,1,0,0,1,0
北京,39.92998578,116.395645,包头,40.64711943,109.8462385,579,JD5117,首都航空,空客320(中),19:10,20:45,首都机场,40.06248537,116.5992671,二里半机场,40.57220914,110.0086252,94%,6分钟,1,0,0,0,1,0,0
北京,39.92998578,116.395645,包头,40.64711943,109.8462385,579,CA1107,中国国航,JET,20:15,21:50,首都机场,40.06248537,116.5992671,二里半机场,40.57220914,110.0086252,95%,,0,1,0,0,0,0,0
北京,39.92998578,116.395645,包头,40.64711943,109.8462385,579,CA1107,中国国航,JET,20:15,21:50,首都机场,40.06248537,116.5992671,二里半机场,40.57220914,110.0086252,95%,,1,0,1,1,1,1,1
北京,39.92998578,116.395645,包头,40.64711943,109.8462385,579,SC1107,山东航空,波音737(中),20:15,21:50,首都机场,40.06248537,116.5992671,二里半机场,40.57220914,110.0086252,95%,,0,1,0,0,1,0,0
北京,39.92998578,116.395645,包头,40.64711943,109.8462385,579,ZH1107,深圳航空,波音737(中),20:15,21:50,首都机场,40.06248537,116.5992671,二里半机场,40.57220914,110.0086252,95%,,0,1,0,0,1,0,0
北京,39.92998578,116.395645,包头,40.64711943,109.8462385,579,HU7125,海南航空,波音737(中),21:05,22:45,首都机场,40.06248537,116.5992671,二里半机场,40.57220914,110.0086252,92%,,0,0,0,1,0,0,0
北京,39.92998578,116.395645,北海,21.47271824,109.1226279,2378,CA1881,中国国航,JET,15:55,19:55,首都机场,40.06248537,116.5992671,福成机场,21.54417389,109.2983955,91%,8分钟,0,1,0,1,1,0,1
北京,39.92998578,116.395645,北海,21.47271824,109.1226279,2378,CA1881,中国国航,JET,15:55,19:55,首都机场,40.06248537,116.5992671,福成机场,21.54417389,109.2983955,91%,8分钟,0,0,0,0,0,1,0
北京,39.92998578,116.395645,北海,21.47271824,109.1226279,2378,ZH1881,深圳航空,空客319(中),15:55,19:55,首都机场,40.06248537,116.5992671,福成机场,21.54417389,109.2983955,91%,8分钟,0,1,0,1,1,1,1
北京,39.92998578,116.395645,北海,21.47271824,109.1226279,2378,CZ3148,南方航空,空客321(中),17:50,23:15,首都机场,40.06248537,116.5992671,福成机场,21.54417389,109.2983955,78%,16分钟,1,1,1,1,1,1,1
北京,39.92998578,116.395645,长白山,42.204106,127.508023,1196,HU7465,海南航空,波音737(中),07:20,10:45,首都机场,40.06248537,116.5992671,长白山机场,42.07438592,127.6158684,94%,,1,1,1,1,1,1,1
北京,39.92998578,116.395645,长春,43.89833761,125.3136424,933,HU7465,海南航空,波音737(中),07:20,09:15,首都机场,40.06248537,116.5992671,龙嘉机场,44.000324,125.70324,99%,,1,1,1,1,1,1,1
北京,39.92998578,116.395645,长春,43.89833761,125.3136424,933,CZ6194,南方航空,空客320(中),07:25,09:20,首都机场,40.06248537,116.5992671,龙嘉机场,44.000324,125.70324,95%,,1,1,1,1,1,1,1
北京,39.92998578,116.395645,长春,43.89833761,125.3136424,933,MF1865,厦门航空,空客320(中),07:25,09:20,首都机场,40.06248537,116.5992671,龙嘉机场,44.000324,125.70324,95%,,1,1,1,1,1,1,1
北京,39.92998578,116.395645,长春,43.89833761,125.3136424,933,CZ6144,南方航空,空客320(中),10:50,12:45,首都机场,40.06248537,116.5992671,龙嘉机场,44.000324,125.70324,89%,11分钟,1,1,0,0,1,0,0
北京,39.92998578,116.395645,长春,43.89833761,125.3136424,933,MF1825,厦门航空,空客320(中),10:50,12:45,首都机场,40.06248537,116.5992671,龙嘉机场,44.000324,125.70324,89%,11分钟,1,1,0,0,1,0,0
北京,39.92998578,116.395645,长春,43.89833761,125.3136424,933,CZ6144,南方航空,空客320(中),10:55,12:45,首都机场,40.06248537,116.5992671,龙嘉机场,44.000324,125.70324,89%,11分钟,0,0,1,1,0,1,0
北京,39.92998578,116.395645,长春,43.89833761,125.3136424,933,MF1825,厦门航空,空客320(中),10:55,12:45,首都机场,40.06248537,116.5992671,龙嘉机场,44.000324,125.70324,89%,11分钟,0,0,1,1,0,1,0
北京,39.92998578,116.395645,长春,43.89833761,125.3136424,933,CZ6146,南方航空,空客321(中),11:40,13:35,首都机场,40.06248537,116.5992671,龙嘉机场,44.000324,125.70324,90%,8分钟,1,1,1,1,1,1,1
北京,39.92998578,116.395645,长春,43.89833761,125.3136424,933,MF1827,厦门航空,空客321(中),11:40,13:35,首都机场,40.06248537,116.5992671,龙嘉机场,44.000324,125.70324,90%,8分钟,1,1,1,1,1,1,1
北京,39.92998578,116.395645,长春,43.89833761,125.3136424,933,CA1649,中国国航,其他机型,12:55,14:50,首都机场,40.06248537,116.5992671,龙嘉机场,44.000324,125.70324,82%,13分钟,1,0,1,0,1,0,1
北京,39.92998578,116.395645,长春,43.89833761,125.3136424,933,NZ3911,新西兰航空,波音737(中),12:55,14:50,首都机场,40.06248537,116.5992671,龙嘉机场,44.000324,125.70324,82%,13分钟,1,0,1,0,1,0,1
北京,39.92998578,116.395645,长春,43.89833761,125.3136424,933,ZH1649,深圳航空,其他机型,12:55,14:50,首都机场,40.06248537,116.5992671,龙嘉机场,44.000324,125.70324,82%,13分钟,1,0,1,0,1,0,1
北京,39.92998578,116.395645,长春,43.89833761,125.3136424,933,CA1649,中国国航,其他机型,13:05,14:55,首都机场,40.06248537,116.5992671,龙嘉机场,44.000324,125.70324,82%,13分钟,0,1,0,1,0,1,0
北京,39.92998578,116.395645,长春,43.89833761,125.3136424,933,NZ3911,新西兰航空,波音737(中),13:05,14:55,首都机场,40.06248537,116.5992671,龙嘉机场,44.000324,125.70324,82%,13分钟,0,1,0,1,0,1,0
北京,39.92998578,116.395645,长春,43.89833761,125.3136424,933,NZ3907,新西兰航空,波音737(中),14:40,16:35,首都机场,40.06248537,116.5992671,龙嘉机场,44.000324,125.70324,87%,13分钟,1,1,1,1,1,1,1
北京,39.92998578,116.395645,长春,43.89833761,125.3136424,933,CZ6150,南方航空,空客321(中),18:50,20:45,首都机场,40.06248537,116.5992671,龙嘉机场,44.000324,125.70324,78%,20分钟,1,1,1,1,1,1,1
北京,39.92998578,116.395645,长春,43.89833761,125.3136424,933,MF1831,厦门航空,空客321(中),18:50,20:45,首都机场,40.06248537,116.5992671,龙嘉机场,44.000324,125.70324,78%,20分钟,1,1,1,1,1,1,1
北京,39.92998578,116.395645,长春,43.89833761,125.3136424,933,CA1661,中国国航,波音737(中),20:05,22:00,首都机场,40.06248537,116.5992671,龙嘉机场,44.000324,125.70324,96%,,1,1,1,1,1,1,1
北京,39.92998578,116.395645,长春,43.89833761,125.3136424,933,NZ3913,新西兰航空,波音737(中),20:05,22:00,首都机场,40.06248537,116.5992671,龙嘉机场,44.000324,125.70324,96%,,1,1,1,1,1,1,1
北京,39.92998578,116.395645,常德,29.01214886,111.6537181,1435,CZ3188,南方航空,空客321(中),17:55,20:25,首都机场,40.06248537,116.5992671,桃花源机场,28.92699599,111.6490139,88%,10分钟,0,0,0,0,0,1,0
北京,39.92998578,116.395645,常德,29.01214886,111.6537181,1435,MF1078,厦门航空,空客321(中),17:55,20:25,首都机场,40.06248537,116.5992671,桃花源机场,28.92699599,111.6490139,88%,10分钟,0,0,0,0,0,1,0
北京,39.92998578,116.395645,常德,29.01214886,111.6537181,1435,CZ3188,南方航空,JET,18:10,20:40,首都机场,40.06248537,116.5992671,桃花源机场,28.92699599,111.6490139,88%,10分钟,1,1,1,1,0,0,1
北京,39.92998578,116.395645,常德,29.01214886,111.6537181,1435,MF1078,厦门航空,JET,18:10,20:40,首都机场,40.06248537,116.5992671,桃花源机场,28.92699599,111.6490139,88%,10分钟,1,1,1,1,0,0,1
北京,39.92998578,116.395645,长沙,28.21347823,112.9793528,1446,CZ3856,南方航空,空客320(中),06:10,09:00,首都机场,40.06248537,116.5992671,黄花机场,28.19897181,113.2261229,95%,9分钟,1,1,1,1,1,1,1
北京,39.92998578,116.395645,长沙,28.21347823,112.9793528,1446,CZ3164,南方航空,空客320(中),08:05,10:45,首都机场,40.06248537,116.5992671,黄花机场,28.19897181,113.2261229,87%,14分钟,1,0,0,1,0,0,0
北京,39.92998578,116.395645,长沙,28.21347823,112.9793528,1446,CZ3164,南方航空,空客320(中),08:10,10:45,首都机场,40.06248537,116.5992671,黄花机场,28.19897181,113.2261229,87%,14分钟,0,1,1,0,1,1,1
北京,39.92998578,116.395645,长沙,28.21347823,112.9793528,1446,HU7625,海南航空,波音787(大),08:10,10:50,首都机场,40.06248537,116.5992671,黄花机场,28.19897181,113.2261229,96%,,1,0,0,1,0,0,0
北京,39.92998578,116.395645,长沙,28.21347823,112.9793528,1446,CZ3124,南方航空,空客321(中),10:55,13:40,首都机场,40.06248537,116.5992671,黄花机场,28.19897181,113.2261229,92%,9分钟,1,1,1,1,1,1,1
北京,39.92998578,116.395645,长沙,28.21347823,112.9793528,1446,CZ3718,南方航空,空客321(中),14:10,16:50,首都机场,40.06248537,116.5992671,黄花机场,28.19897181,113.2261229,85%,8分钟,1,1,1,1,1,1,1
北京,39.92998578,116.395645,长沙,28.21347823,112.9793528,1446,CZ3128,南方航空,空客320(中),15:35,18:10,首都机场,40.06248537,116.5992671,黄花机场,28.19897181,113.2261229,83%,14分钟,1,1,1,1,1,1,1
北京,39.92998578,116.395645,长沙,28.21347823,112.9793528,1446,CZ3148,南方航空,空客321(中),17:50,20:30,首都机场,40.06248537,116.5992671,黄花机场,28.19897181,113.2261229,66%,23分钟,1,1,1,1,1,1,1
北京,39.92998578,116.395645,长沙,28.21347823,112.9793528,1446,CA1349,中国国航,空客321(窄体机),19:25,22:05,首都机场,40.06248537,116.5992671,黄花机场,28.19897181,113.2261229,89%,10分钟,1,1,1,1,1,1,1
北京,39.92998578,116.395645,长沙,28.21347823,112.9793528,1446,NZ3917,新西兰航空,空客321(中),19:25,22:05,首都机场,40.06248537,116.5992671,黄花机场,28.19897181,113.2261229,90%,8分钟,1,1,1,1,1,1,1
北京,39.92998578,116.395645,长沙,28.21347823,112.9793528,1446,ZH1349,深圳航空,空客321(窄体机),19:25,22:05,首都机场,40.06248537,116.5992671,黄花机场,28.19897181,113.2261229,90%,8分钟,1,1,1,1,1,1,1
北京,39.92998578,116.395645,长沙,28.21347823,112.9793528,1446,CZ3142,南方航空,空客321(中),21:35,00:10,首都机场,40.06248537,116.5992671,黄花机场,28.19897181,113.2261229,84%,11分钟,1,1,1,1,1,1,1
北京,39.92998578,116.395645,长治,36.20166439,113.1202921,665,HU7611,海南航空,波音737(中),20:00,21:25,首都机场,40.06248537,116.5992671,王村机场,36.25239048,113.1348021,98%,,0,1,0,1,0,0,0
北京,39.92998578,116.395645,长治,36.20166439,113.1202921,665,HU7611,海南航空,波音737(中),20:00,21:25,首都机场,40.06248537,116.5992671,王村机场,36.25239048,113.1348021,98%,,0,0,0,0,0,1,0
北京,39.92998578,116.395645,长治,36.20166439,113.1202921,665,HU7611,海南航空,波音737(中),20:05,21:25,首都机场,40.06248537,116.5992671,王村机场,36.25239048,113.1348021,98%,,0,0,1,0,0,0,0
北京,39.92998578,116.395645,长治,36.20166439,113.1202921,665,HU7611,海南航空,波音737(中),21:00,22:30,首都机场,40.06248537,116.5992671,王村机场,36.25239048,113.1348021,98%,,0,0,0,0,0,0,1
北京,39.92998578,116.395645,长治,36.20166439,113.1202921,665,HU7611,海南航空,波音737(中),21:05,22:30,首都机场,40.06248537,116.5992671,王村机场,36.25239048,113.1348021,98%,,1,0,0,0,1,0,0
北京,39.92998578,116.395645,常州,31.77139674,119.981861,1016,CA1825,中国国航,波音737(中),17:25,19:25,首都机场,40.06248537,116.5992671,奔牛机场,31.91768898,119.7911817,95%,,1,1,1,1,1,1,1
北京,39.92998578,116.395645,常州,31.77139674,119.981861,1016,MU2762,东方航空,空客320(中),22:10,00:10,首都机场,40.06248537,116.5992671,奔牛机场,31.91768898,119.7911817,89%,10分钟,1,1,1,1,1,1,1
北京,39.92998578,116.395645,朝阳,41.589103,120.446573,387,CA1285,中国国航,波音737(中),06:35,07:40,首都机场,40.06248537,116.5992671,朝阳机场,41.54791241,120.4459807,92%,8分钟,1,1,1,1,1,1,1
北京,39.92998578,116.395645,朝阳,41.589103,120.446573,387,ZH1285,深圳航空,波音737(中),06:35,07:40,首都机场,40.06248537,116.5992671,朝阳机场,41.54791241,120.4459807,92%,8分钟,1,1,1,1,1,1,1
北京,39.92998578,116.395645,成都,30.67994285,104.0679235,1697,CA4194,中国国航,空客320(中),07:00,10:05,首都机场,40.06248537,116.5992671,双流机场,30.58461845,103.9652352,83%,19分钟,1,1,1,1,1,1,1
北京,39.92998578,116.395645,成都,30.67994285,104.0679235,1697,TV6102,西藏航空,空客320(中),07:00,10:05,首都机场,40.06248537,116.5992671,双流机场,30.58461845,103.9652352,83%,19分钟,1,1,1,1,1,1,1
北京,39.92998578,116.395645,成都,30.67994285,104.0679235,1697,ZH4194,深圳航空,空客320(中),07:00,10:05,首都机场,40.06248537,116.5992671,双流机场,30.58461845,103.9652352,83%,19分钟,1,1,1,1,1,1,1
北京,39.92998578,116.395645,成都,30.67994285,104.0679235,1697,3U8896,四川航空,空客320(中),08:00,11:05,首都机场,40.06248537,116.5992671,双流机场,30.58461845,103.9652352,67%,43分钟,1,1,1,1,1,1,1
北京,39.92998578,116.395645,成都,30.67994285,104.0679235,1697,CZ6161,南方航空,波音777(大),08:00,11:10,首都机场,40.06248537,116.5992671,双流机场,30.58461845,103.9652352,87%,19分钟,1,1,1,1,1,1,1
北京,39.92998578,116.395645,成都,30.67994285,104.0679235,1697,CA4112,中国国航,空客319(中),08:20,11:30,首都机场,40.06248537,116.5992671,双流机场,30.58461845,103.9652352,80%,26分钟,1,1,1,1,1,1,1
北京,39.92998578,116.395645,成都,30.67994285,104.0679235,1697,TV6312,西藏航空,空客319(中),08:20,11:30,首都机场,40.06248537,116.5992671,双流机场,30.58461845,103.9652352,80%,26分钟,1,1,1,1,1,1,1
北京,39.92998578,116.395645,成都,30.67994285,104.0679235,1697,ZH4112,深圳航空,空客319(中),08:20,11:30,首都机场,40.06248537,116.5992671,双流机场,30.58461845,103.9652352,80%,26分钟,1,1,1,1,1,1,1
北京,39.92998578,116.395645,成都,30.67994285,104.0679235,1697,CA4198,中国国航,JET,13:00,16:15,首都机场,40.06248537,116.5992671,双流机场,30.58461845,103.9652352,89%,15分钟,1,1,1,1,1,1,1
北京,39.92998578,116.395645,成都,30.67994285,104.0679235,1697,TV6198,西藏航空,JET,13:00,16:15,首都机场,40.06248537,116.5992671,双流机场,30.58461845,103.9652352,89%,15分钟,1,1,1,1,1,1,1
北京,39.92998578,116.395645,成都,30.67994285,104.0679235,1697,ZH4198,深圳航空,JET,13:00,16:15,首都机场,40.06248537,116.5992671,双流机场,30.58461845,103.9652352,89%,15分钟,1,1,1,1,1,1,1
北京,39.92998578,116.395645,成都,30.67994285,104.0679235,1697,CA4116,中国国航,空客330(宽体机),15:00,18:10,首都机场,40.06248537,116.5992671,双流机场,30.58461845,103.9652352,80%,20分钟,0,0,0,0,1,0,1
北京,39.92998578,116.395645,成都,30.67994285,104.0679235,1697,TV6110,西藏航空,空客330(宽体机),15:00,18:10,首都机场,40.06248537,116.5992671,双流机场,30.58461845,103.9652352,80%,20分钟,0,0,0,0,1,0,1
北京,39.92998578,116.395645,成都,30.67994285,104.0679235,1697,ZH4116,深圳航空,空客330(宽体机),15:00,18:10,首都机场,40.06248537,116.5992671,双流机场,30.58461845,103.9652352,80%,20分钟,0,0,0,0,1,0,1
北京,39.92998578,116.395645,成都,30.67994285,104.0679235,1697,3U8888,四川航空,空客320(中),16:50,20:00,首都机场,40.06248537,116.5992671,双流机场,30.58461845,103.9652352,74%,21分钟,1,0,0,1,0,0,0
北京,39.92998578,116.395645,成都,30.67994285,104.0679235,1697,KN5217,联合航空,其他机型,17:50,21:05,南苑机场,39.80891025,116.4018081,双流机场,30.58461845,103.9652352,87%,8分钟,0,0,1,0,1,0,1
北京,39.92998578,116.395645,成都,30.67994285,104.0679235,1697,MU3757,东方航空,其他机型,17:50,21:05,南苑机场,39.80891025,116.4018081,双流机场,30.58461845,103.9652352,87%,8分钟,0,0,1,0,1,0,1
北京,39.92998578,116.395645,成都,30.67994285,104.0679235,1697,CZ6119,南方航空,空客330(宽体机),21:10,00:25,首都机场,40.06248537,116.5992671,双流机场,30.58461845,103.9652352,82%,18分钟,1,1,1,1,1,1,1
北京,39.92998578,116.395645,成都,30.67994285,104.0679235,1697,ZH9163,深圳航空,空客320(中),22:40,01:45,首都机场,40.06248537,116.5992671,双流机场,30.58461845,103.9652352,71%,23分钟,1,0,0,0,1,1,1
北京,39.92998578,116.395645,赤峰,42.29711232,118.9307612,338,CA1281,中国国航,其他机型,20:35,21:45,首都机场,40.06248537,116.5992671,赤峰机场,42.24636728,118.9241612,91%,,1,1,1,1,1,1,1
北京,39.92998578,116.395645,赤峰,42.29711232,118.9307612,338,SC1281,山东航空,其他机型,20:35,21:45,首都机场,40.06248537,116.5992671,赤峰机场,42.24636728,118.9241612,91%,,1,1,1,1,1,1,1
北京,39.92998578,116.395645,赤峰,42.29711232,118.9307612,338,ZH1281,深圳航空,其他机型,20:35,21:45,首都机场,40.06248537,116.5992671,赤峰机场,42.24636728,118.9241612,91%,,1,1,1,1,1,1,1
北京,39.92998578,116.395645,重庆,29.54460611,106.530635,1640,3U3001,四川航空,JET,06:25,09:25,首都机场,40.06248537,116.5992671,江北机场,29.715551,106.661763,92%,11分钟,1,1,1,1,1,1,1
北京,39.92998578,116.395645,重庆,29.54460611,106.530635,1640,CZ3183,南方航空,JET,06:25,09:25,首都机场,40.06248537,116.5992671,江北机场,29.715551,106.661763,92%,11分钟,1,1,1,1,1,1,1
北京,39.92998578,116.395645,重庆,29.54460611,106.530635,1640,G55001,华夏航空,JET,06:25,09:25,首都机场,40.06248537,116.5992671,江北机场,29.715551,106.661763,92%,11分钟,1,1,1,1,1,1,1
北京,39.92998578,116.395645,重庆,29.54460611,106.530635,1640,MF1075,厦门航空,JET,06:25,09:25,首都机场,40.06248537,116.5992671,江北机场,29.715551,106.661763,92%,11分钟,1,1,1,1,1,1,1
北京,39.92998578,116.395645,重庆,29.54460611,106.530635,1640,CA1437,中国国航,波音737(中),06:50,09:45,首都机场,40.06248537,116.5992671,江北机场,29.715551,106.661763,92%,14分钟,1,0,1,1,0,0,0
北京,39.92998578,116.395645,重庆,29.54460611,106.530635,1640,3U8516,四川航空,空客319(中),06:50,09:50,首都机场,40.06248537,116.5992671,江北机场,29.715551,106.661763,92%,10分钟,1,0,1,0,1,0,1
北京,39.92998578,116.395645,重庆,29.54460611,106.530635,1640,CA1437,中国国航,波音737(中),07:00,10:00,首都机场,40.06248537,116.5992671,江北机场,29.715551,106.661763,92%,14分钟,0,1,0,0,1,1,1
北京,39.92998578,116.395645,重庆,29.54460611,106.530635,1640,MU2865,东方航空,空客320(中),08:10,11:10,首都机场,40.06248537,116.5992671,江北机场,29.715551,106.661763,94%,8分钟,1,1,1,1,1,1,1
北京,39.92998578,116.395645,重庆,29.54460611,106.530635,1640,CZ8102,南方航空,空客320(中),08:25,11:20,首都机场,40.06248537,116.5992671,江北机场,29.715551,106.661763,87%,17分钟,1,1,1,1,1,1,1
北京,39.92998578,116.395645,重庆,29.54460611,106.530635,1640,G55162,华夏航空,空客320(中),08:25,11:20,首都机场,40.06248537,116.5992671,江北机场,29.715551,106.661763,87%,17分钟,1,1,1,1,1,1,1
北京,39.92998578,116.395645,重庆,29.54460611,106.530635,1640,OQ2302,重庆航空,空客320(中),08:25,11:20,首都机场,40.06248537,116.5992671,江北机场,29.715551,106.661763,87%,17分钟,1,1,1,1,1,1,1
北京,39.92998578,116.395645,重庆,29.54460611,106.530635,1640,CA1429,中国国航,波音737(中),09:00,11:55,首都机场,40.06248537,116.5992671,江北机场,29.715551,106.661763,86%,14分钟,1,0,0,0,0,1,0
北京,39.92998578,116.395645,重庆,29.54460611,106.530635,1640,G54059,华夏航空,波音737(中),09:00,11:55,首都机场,40.06248537,116.5992671,江北机场,29.715551,106.661763,86%,14分钟,1,0,0,0,0,1,0
北京,39.92998578,116.395645,重庆,29.54460611,106.530635,1640,SC1429,山东航空,波音737(中),09:00,11:55,首都机场,40.06248537,116.5992671,江北机场,29.715551,106.661763,86%,14分钟,1,0,0,0,0,1,0
北京,39.92998578,116.395645,重庆,29.54460611,106.530635,1640,TV6207,西藏航空,波音737(中),09:00,11:55,首都机场,40.06248537,116.5992671,江北机场,29.715551,106.661763,86%,14分钟,1,0,0,0,0,1,0
北京,39.92998578,116.395645,重庆,29.54460611,106.530635,1640,ZH1429,深圳航空,波音737(中),09:00,11:55,首都机场,40.06248537,116.5992671,江北机场,29.715551,106.661763,86%,14分钟,1,0,0,0,0,1,0
北京,39.92998578,116.395645,重庆,29.54460611,106.530635,1640,CA1429,中国国航,波音737(中),09:00,12:05,首都机场,40.06248537,116.5992671,江北机场,29.715551,106.661763,86%,14分钟,0,0,0,1,0,0,0
北京,39.92998578,116.395645,重庆,29.54460611,106.530635,1640,3U8830,四川航空,JET,10:40,13:45,首都机场,40.06248537,116.5992671,江北机场,29.715551,106.661763,89%,12分钟,0,0,1,0,0,1,0
北京,39.92998578,116.395645,重庆,29.54460611,106.530635,1640,CZ9920,南方航空,JET,10:40,13:45,首都机场,40.06248537,116.5992671,江北机场,29.715551,106.661763,89%,12分钟,0,0,1,0,0,1,0
北京,39.92998578,116.395645,重庆,29.54460611,106.530635,1640,SC3034,山东航空,JET,10:40,13:45,首都机场,40.06248537,116.5992671,江北机场,29.715551,106.661763,89%,12分钟,0,0,1,0,0,1,0
北京,39.92998578,116.395645,重庆,29.54460611,106.530635,1640,CA4130,中国国航,波音737(中),12:00,14:55,首都机场,40.06248537,116.5992671,江北机场,29.715551,106.661763,86%,13分钟,1,0,1,0,1,1,1
北京,39.92998578,116.395645,重庆,29.54460611,106.530635,1640,CA4130,中国国航,波音737(中),12:00,15:00,首都机场,40.06248537,116.5992671,江北机场,29.715551,106.661763,86%,13分钟,0,1,0,1,0,0,0
北京,39.92998578,116.395645,重庆,29.54460611,106.530635,1640,CA4138,中国国航,JET,13:00,15:55,首都机场,40.06248537,116.5992671,江北机场,29.715551,106.661763,87%,11分钟,1,1,1,1,1,1,1
北京,39.92998578,116.395645,重庆,29.54460611,106.530635,1640,G54106,华夏航空,JET,13:00,15:55,首都机场,40.06248537,116.5992671,江北机场,29.715551,106.661763,87%,11分钟,1,1,1,1,1,1,1
北京,39.92998578,116.395645,重庆,29.54460611,106.530635,1640,SC4138,山东航空,JET,13:00,15:55,首都机场,40.06248537,116.5992671,江北机场,29.715551,106.661763,87%,11分钟,1,1,1,1,1,1,1
北京,39.92998578,116.395645,重庆,29.54460611,106.530635,1640,TV6204,西藏航空,JET,13:00,15:55,首都机场,40.06248537,116.5992671,江北机场,29.715551,106.661763,87%,11分钟,1,1,1,1,1,1,1
北京,39.92998578,116.395645,重庆,29.54460611,106.530635,1640,ZH4138,深圳航空,JET,13:00,15:55,首都机场,40.06248537,116.5992671,江北机场,29.715551,106.661763,87%,11分钟,1,1,1,1,1,1,1
北京,39.92998578,116.395645,重庆,29.54460611,106.530635,1640,CA1439,中国国航,JET,13:25,16:25,首都机场,40.06248537,116.5992671,江北机场,29.715551,106.661763,89%,8分钟,0,0,0,0,0,1,0
北京,39.92998578,116.395645,重庆,29.54460611,106.530635,1640,CA1439,中国国航,JET,13:55,16:55,首都机场,40.06248537,116.5992671,江北机场,29.715551,106.661763,89%,8分钟,1,0,0,0,0,0,0
北京,39.92998578,116.395645,重庆,29.54460611,106.530635,1640,CA1439,中国国航,JET,14:00,16:55,首都机场,40.06248537,116.5992671,江北机场,29.715551,106.661763,89%,8分钟,0,0,0,1,0,0,0
北京,39.92998578,116.395645,重庆,29.54460611,106.530635,1640,CA1411,中国国航,波音737(中),14:50,18:00,首都机场,40.06248537,116.5992671,江北机场,29.715551,106.661763,90%,7分钟,0,1,0,0,0,0,0
北京,39.92998578,116.395645,重庆,29.54460611,106.530635,1640,NH5785,全日空航空,波音737(中),14:50,18:00,首都机场,40.06248537,116.5992671,江北机场,29.715551,106.661763,90%,7分钟,0,1,0,0,0,0,0
北京,39.92998578,116.395645,重庆,29.54460611,106.530635,1640,CA1411,中国国航,波音737(中),14:55,18:00,首都机场,40.06248537,116.5992671,江北机场,29.715551,106.661763,90%,7分钟,0,0,0,0,0,0,1
北京,39.92998578,116.395645,重庆,29.54460611,106.530635,1640,NH5785,全日空航空,波音737(中),14:55,18:00,首都机场,40.06248537,116.5992671,江北机场,29.715551,106.661763,90%,7分钟,0,0,0,0,0,0,1
北京,39.92998578,116.395645,重庆,29.54460611,106.530635,1640,CA1411,中国国航,波音737(中),15:00,18:00,首都机场,40.06248537,116.5992671,江北机场,29.715551,106.661763,90%,7分钟,1,0,1,1,1,1,0
北京,39.92998578,116.395645,重庆,29.54460611,106.530635,1640,NH5785,全日空航空,波音737(中),15:00,18:00,首都机场,40.06248537,116.5992671,江北机场,29.715551,106.661763,90%,7分钟,1,0,1,1,1,1,0
北京,39.92998578,116.395645,重庆,29.54460611,106.530635,1640,3U3003,四川航空,JET,15:20,18:20,首都机场,40.06248537,116.5992671,江北机场,29.715551,106.661763,94%,6分钟,1,1,1,1,1,1,1
北京,39.92998578,116.395645,重庆,29.54460611,106.530635,1640,CZ3259,南方航空,JET,15:20,18:20,首都机场,40.06248537,116.5992671,江北机场,29.715551,106.661763,94%,6分钟,1,1,1,1,1,1,1
北京,39.92998578,116.395645,重庆,29.54460611,106.530635,1640,G55007,华夏航空,JET,15:20,18:20,首都机场,40.06248537,116.5992671,江北机场,29.715551,106.661763,94%,6分钟,1,1,1,1,1,1,1
北京,39.92998578,116.395645,重庆,29.54460611,106.530635,1640,MF1141,厦门航空,JET,15:20,18:20,首都机场,40.06248537,116.5992671,江北机场,29.715551,106.661763,94%,6分钟,1,1,1,1,1,1,1
北京,39.92998578,116.395645,重庆,29.54460611,106.530635,1640,CA1409,中国国航,波音737(中),16:00,19:00,首都机场,40.06248537,116.5992671,江北机场,29.715551,106.661763,86%,15分钟,1,1,1,1,1,1,1
北京,39.92998578,116.395645,重庆,29.54460611,106.530635,1640,NH5792,全日空航空,波音737(中),16:00,19:00,首都机场,40.06248537,116.5992671,江北机场,29.715551,106.661763,86%,15分钟,1,1,1,1,1,1,1
北京,39.92998578,116.395645,重庆,29.54460611,106.530635,1640,3U8832,四川航空,空客321(中),16:50,19:50,首都机场,40.06248537,116.5992671,江北机场,29.715551,106.661763,90%,12分钟,0,0,1,0,0,1,0
北京,39.92998578,116.395645,重庆,29.54460611,106.530635,1640,CZ9922,南方航空,空客321(中),16:50,19:50,首都机场,40.06248537,116.5992671,江北机场,29.715551,106.661763,90%,12分钟,0,0,1,0,0,1,0
北京,39.92998578,116.395645,重庆,29.54460611,106.530635,1640,SC3036,山东航空,空客321(中),16:50,19:50,首都机场,40.06248537,116.5992671,江北机场,29.715551,106.661763,90%,12分钟,0,0,1,0,0,1,0
北京,39.92998578,116.395645,大理,25.69396662,100.219209,2335,MU9747,东方航空,波音737(中),06:15,10:30,首都机场,40.06248537,116.5992671,大理机场,25.65402197,100.3295549,94%,9分钟,1,1,1,0,1,1,1
北京,39.92998578,116.395645,大理,25.69396662,100.219209,2335,CA1419,中国国航,空客319(中),06:20,10:40,首都机场,40.06248537,116.5992671,大理机场,25.65402197,100.3295549,96%,6分钟,1,1,1,1,1,1,1
北京,39.92998578,116.395645,大理,25.69396662,100.219209,2335,MU9747,东方航空,波音737(中),06:40,10:50,首都机场,40.06248537,116.5992671,大理机场,25.65402197,100.3295549,94%,9分钟,0,0,0,1,0,0,0
北京,39.92998578,116.395645,大连,38.94870994,121.5934778,579,HU7105,海南航空,波音737(中),06:50,08:20,首都机场,40.06248537,116.5992671,周水子机场,38.96824596,121.5501575,100%,,0,1,0,0,0,0,0
北京,39.92998578,116.395645,大连,38.94870994,121.5934778,579,CZ6132,南方航空,空客321(中),08:05,09:30,首都机场,40.06248537,116.5992671,周水子机场,38.96824596,121.5501575,87%,15分钟,1,1,1,1,1,1,1
北京,39.92998578,116.395645,大连,38.94870994,121.5934778,579,G55062,华夏航空,空客321(中),08:05,09:30,首都机场,40.06248537,116.5992671,周水子机场,38.96824596,121.5501575,87%,15分钟,1,1,1,1,1,1,1
北京,39.92998578,116.395645,大连,38.94870994,121.5934778,579,MF1813,厦门航空,空客321(中),08:05,09:30,首都机场,40.06248537,116.5992671,周水子机场,38.96824596,121.5501575,87%,15分钟,1,1,1,1,1,1,1
北京,39.92998578,116.395645,大连,38.94870994,121.5934778,579,NZ3923,新西兰航空,波音737(中),08:15,09:40,首都机场,40.06248537,116.5992671,周水子机场,38.96824596,121.5501575,92%,11分钟,1,0,1,0,1,0,1
北京,39.92998578,116.395645,大连,38.94870994,121.5934778,579,CA953,中国国航,波音737(中),08:40,10:05,首都机场,40.06248537,116.5992671,T3周水子机场,38.96824596,121.5501575,84%,16分钟,1,1,1,1,1,1,1
北京,39.92998578,116.395645,大连,38.94870994,121.5934778,579,NZ3925,新西兰航空,波音737(中),08:40,10:05,首都机场,40.06248537,116.5992671,周水子机场,38.96824596,121.5501575,84%,16分钟,1,1,1,1,1,1,1
北京,39.92998578,116.395645,大连,38.94870994,121.5934778,579,CA1605,中国国航,波音737(中),09:45,11:15,首都机场,40.06248537,116.5992671,周水子机场,38.96824596,121.5501575,88%,18分钟,1,1,1,1,1,1,1
北京,39.92998578,116.395645,大连,38.94870994,121.5934778,579,NZ3927,新西兰航空,波音737(中),09:45,11:15,首都机场,40.06248537,116.5992671,周水子机场,38.96824596,121.5501575,88%,18分钟,1,1,1,1,1,1,1
北京,39.92998578,116.395645,大连,38.94870994,121.5934778,579,CZ6126,南方航空,空客321(中),10:20,11:45,首都机场,40.06248537,116.5992671,周水子机场,38.96824596,121.5501575,88%,11分钟,1,1,1,1,1,1,1
北京,39.92998578,116.395645,大连,38.94870994,121.5934778,579,MF1807,厦门航空,空客321(中),10:20,11:45,首都机场,40.06248537,116.5992671,周水子机场,38.96824596,121.5501575,88%,11分钟,1,1,1,1,1,1,1
北京,39.92998578,116.395645,大连,38.94870994,121.5934778,579,CZ6130,南方航空,空客321(中),12:50,14:25,首都机场,40.06248537,116.5992671,周水子机场,38.96824596,121.5501575,87%,19分钟,1,1,1,1,1,1,1
北京,39.92998578,116.395645,大连,38.94870994,121.5934778,579,MF1811,厦门航空,空客321(中),12:50,14:25,首都机场,40.06248537,116.5992671,周水子机场,38.96824596,121.5501575,87%,19分钟,1,1,1,1,1,1,1
北京,39.92998578,116.395645,大连,38.94870994,121.5934778,579,CZ6122,南方航空,空客321(中),15:55,17:20,首都机场,40.06248537,116.5992671,周水子机场,38.96824596,121.5501575,82%,15分钟,1,1,1,1,1,1,1
北京,39.92998578,116.395645,大连,38.94870994,121.5934778,579,MF1803,厦门航空,空客321(中),15:55,17:20,首都机场,40.06248537,116.5992671,周水子机场,38.96824596,121.5501575,82%,15分钟,1,1,1,1,1,1,1
北京,39.92998578,116.395645,大连,38.94870994,121.5934778,579,NZ3935,新西兰航空,波音737(中),16:40,18:10,首都机场,40.06248537,116.5992671,周水子机场,38.96824596,121.5501575,75%,19分钟,1,1,1,1,1,1,1
北京,39.92998578,116.395645,大连,38.94870994,121.5934778,579,CZ6134,南方航空,空客321(中),18:20,19:50,首都机场,40.06248537,116.5992671,周水子机场,38.96824596,121.5501575,86%,12分钟,1,1,1,1,1,1,1
北京,39.92998578,116.395645,大连,38.94870994,121.5934778,579,MF1815,厦门航空,空客321(中),18:20,19:50,首都机场,40.06248537,116.5992671,周水子机场,38.96824596,121.5501575,86%,12分钟,1,1,1,1,1,1,1
北京,39.92998578,116.395645,大连,38.94870994,121.5934778,579,MU2312,东方航空,空客320(中),20:10,21:35,首都机场,40.06248537,116.5992671,周水子机场,38.96824596,121.5501575,80%,22分钟,1,1,1,1,1,1,1
北京,39.92998578,116.395645,大连,38.94870994,121.5934778,579,CZ6138,南方航空,空客321(中),21:25,22:55,首都机场,40.06248537,116.5992671,周水子机场,38.96824596,121.5501575,92%,7分钟,1,1,1,1,1,1,1
北京,39.92998578,116.395645,大连,38.94870994,121.5934778,579,MF1819,厦门航空,空客321(中),21:25,22:55,首都机场,40.06248537,116.5992671,周水子机场,38.96824596,121.5501575,92%,7分钟,1,1,1,1,1,1,1
北京,39.92998578,116.395645,大连,38.94870994,121.5934778,579,CZ6140,南方航空,空客321(中),22:25,23:55,首都机场,40.06248537,116.5992671,周水子机场,38.96824596,121.5501575,90%,6分钟,1,1,1,1,1,1,1
北京,39.92998578,116.395645,大连,38.94870994,121.5934778,579,G55064,华夏航空,空客321(中),22:25,23:55,首都机场,40.06248537,116.5992671,周水子机场,38.96824596,121.5501575,90%,6分钟,1,1,1,1,1,1,1
北京,39.92998578,116.395645,大连,38.94870994,121.5934778,579,MF1821,厦门航空,空客321(中),22:25,23:55,首都机场,40.06248537,116.5992671,周水子机场,38.96824596,121.5501575,90%,6分钟,1,1,1,1,1,1,1
北京,39.92998578,116.395645,大连,38.94870994,121.5934778,579,NZ3937,新西兰航空,波音737(中),22:25,23:55,首都机场,40.06248537,116.5992671,周水子机场,38.96824596,121.5501575,99%,,1,1,1,1,1,1,1
北京,39.92998578,116.395645,大连,38.94870994,121.5934778,579,HU7183,海南航空,波音737(中),22:50,00:20,首都机场,40.06248537,116.5992671,周水子机场,38.96824596,121.5501575,88%,9分钟,1,1,1,1,1,1,1
北京,39.92998578,116.395645,大连,38.94870994,121.5934778,579,CZ6128,南方航空,空客321(中),23:05,00:35,首都机场,40.06248537,116.5992671,周水子机场,38.96824596,121.5501575,92%,,1,1,1,1,1,1,1
北京,39.92998578,116.395645,大连,38.94870994,121.5934778,579,G55060,华夏航空,空客321(中),23:05,00:35,首都机场,40.06248537,116.5992671,周水子机场,38.96824596,121.5501575,92%,,1,1,1,1,1,1,1
北京,39.92998578,116.395645,大连,38.94870994,121.5934778,579,MF1809,厦门航空,空客321(中),23:05,00:35,首都机场,40.06248537,116.5992671,周水子机场,38.96824596,121.5501575,92%,,1,1,1,1,1,1,1
北京,39.92998578,116.395645,丹东,40.12902283,124.3385431,849,CA1631,中国国航,波音737(中),17:55,19:45,首都机场,40.06248537,116.5992671,浪头机场,40.03955055,124.2932907,93%,,1,0,0,0,1,0,1
北京,39.92998578,116.395645,丹东,40.12902283,124.3385431,849,ZH1631,深圳航空,波音737(中),17:55,19:45,首都机场,40.06248537,116.5992671,浪头机场,40.03955055,124.2932907,93%,,1,0,0,0,1,0,1
北京,39.92998578,116.395645,丹东,40.12902283,124.3385431,849,CA1631,中国国航,JET,18:00,19:45,首都机场,40.06248537,116.5992671,浪头机场,40.03955055,124.2932907,93%,,0,0,0,1,0,0,0
北京,39.92998578,116.395645,丹东,40.12902283,124.3385431,849,CA1631,中国国航,JET,18:00,19:45,首都机场,40.06248537,116.5992671,浪头机场,40.03955055,124.2932907,93%,,0,1,1,0,0,1,0
北京,39.92998578,116.395645,丹东,40.12902283,124.3385431,849,ZH1631,深圳航空,波音737(中),18:00,19:45,首都机场,40.06248537,116.5992671,浪头机场,40.03955055,124.2932907,93%,,0,1,0,1,0,1,0
北京,39.92998578,116.395645,大庆,46.59670902,125.0218397,1100,CA1685,中国国航,波音737(中),06:10,08:30,首都机场,40.06248537,116.5992671,大庆机场,46.59670902,125.0218397,95%,10分钟,0,1,0,1,0,1,0
北京,39.92998578,116.395645,大庆,46.59670902,125.0218397,1100,CZ6214,南方航空,空客319(中),10:40,13:00,首都机场,40.06248537,116.5992671,大庆机场,46.59670902,125.0218397,87%,16分钟,0,1,0,1,1,0,1
北京,39.92998578,116.395645,大庆,46.59670902,125.0218397,1100,CZ6214,南方航空,空客319(中),10:50,13:00,首都机场,40.06248537,116.5992671,大庆机场,46.59670902,125.0218397,87%,16分钟,1,0,1,0,0,1,0
北京,39.92998578,116.395645,大庆,46.59670902,125.0218397,1100,CA1683,中国国航,波音737(中),17:05,19:15,首都机场,40.06248537,116.5992671,大庆机场,46.59670902,125.0218397,92%,,1,1,1,1,1,1,1
北京,39.92998578,116.395645,大庆,46.59670902,125.0218397,1100,ZH1683,深圳航空,波音737(中),17:05,19:15,首都机场,40.06248537,116.5992671,大庆机场,46.59670902,125.0218397,92%,,1,1,1,1,1,1,1
北京,39.92998578,116.395645,达州,31.21419886,107.4949734,1345,CA1487,中国国航,波音737(中),09:10,11:45,首都机场,40.06248537,116.5992671,达州机场,31.21419886,107.4949734,79%,23分钟,1,1,1,1,1,1,1
北京,39.92998578,116.395645,达州,31.21419886,107.4949734,1345,KY1487,昆明航空,波音737(中),09:10,11:45,首都机场,40.06248537,116.5992671,达州机场,31.21419886,107.4949734,79%,23分钟,1,1,1,1,1,1,1
北京,39.92998578,116.395645,达州,31.21419886,107.4949734,1345,ZH1487,深圳航空,波音737(中),09:10,11:45,首都机场,40.06248537,116.5992671,达州机场,31.21419886,107.4949734,79%,23分钟,1,1,1,1,1,1,1
北京,39.92998578,116.395645,东营,37.40866629,118.6126431,460,HU7615,海南航空,波音737(中),06:55,08:00,首都机场,40.06248537,116.5992671,东营机场,37.51037968,118.797062,87%,26分钟,1,1,1,1,1,1,1
北京,39.92998578,116.395645,东营,37.40866629,118.6126431,460,KN5961,联合航空,其他机型,18:25,19:15,南苑机场,39.80891025,116.4018081,东营机场,37.51037968,118.797062,50%,25分钟,0,1,0,1,0,1,0
北京,39.92998578,116.395645,东营,37.40866629,118.6126431,460,MU5163,东方航空,空客321(中),20:45,21:50,首都机场,40.06248537,116.5992671,东营机场,37.51037968,118.797062,81%,12分钟,0,0,0,0,0,1,0
北京,39.92998578,116.395645,东营,37.40866629,118.6126431,460,MU5163,东方航空,空客321(中),21:00,22:00,首都机场,40.06248537,116.5992671,东营机场,37.51037968,118.797062,81%,12分钟,0,1,0,1,0,0,0
北京,39.92998578,116.395645,敦煌,40.174113,94.792135,2552,MU2129,东方航空,JET,07:00,12:15,首都机场,40.06248537,116.5992671,敦煌机场,40.17086538,94.80981598,86%,8分钟,0,0,0,0,0,1,0
北京,39.92998578,116.395645,鄂尔多斯,39.81648956,109.9937063,700,CA1125,中国国航,波音737(中),06:00,07:35,首都机场,40.06248537,116.5992671,鄂尔多斯机场,39.50591468,109.8730183,95%,11分钟,1,1,1,1,1,1,1
北京,39.92998578,116.395645,恩施,30.30897851,109.5174327,1428,CZ9112,南方航空,波音737(中),08:05,12:40,首都机场,40.06248537,116.5992671,许家坪机场,30.32400982,109.4933292,97%,,1,1,1,1,1,1,1
北京,39.92998578,116.395645,恩施,30.30897851,109.5174327,1428,MU2460,东方航空,波音737(中),08:05,12:40,首都机场,40.06248537,116.5992671,许家坪机场,30.32400982,109.4933292,97%,,1,1,1,1,1,1,1
北京,39.92998578,116.395645,二连浩特,43.41778046,111.9661784,690,JD5211,首都航空,空客319(中),21:20,22:45,首都机场,40.06248537,116.5992671,赛乌苏国际机场,43.435406,112.110711,90%,6分钟,1,0,1,0,1,1,1
北京,39.92998578,116.395645,二连浩特,43.41778046,111.9661784,690,JD5211,首都航空,空客319(中),21:40,23:05,首都机场,40.06248537,116.5992671,赛乌苏国际机场,43.435406,112.110711,90%,6分钟,0,1,0,1,0,0,0
北京,39.92998578,116.395645,阜阳,32.90121133,115.8209323,839,CA1867,中国国航,波音737(中),18:10,20:10,首都机场,40.06248537,116.5992671,阜阳机场,32.88287934,115.7505038,89%,9分钟,0,1,0,1,0,1,0
北京,39.92998578,116.395645,福州,26.0471255,119.3302211,1681,CA1505,中国国航,波音737(中),07:25,10:25,首都机场,40.06248537,116.5992671,长乐机场,25.93424336,119.6801328,88%,10分钟,1,1,1,1,1,1,1
北京,39.92998578,116.395645,福州,26.0471255,119.3302211,1681,CZ5108,南方航空,波音737(中),07:40,10:25,首都机场,40.06248537,116.5992671,长乐机场,25.93424336,119.6801328,75%,20分钟,1,0,0,0,0,1,0
北京,39.92998578,116.395645,福州,26.0471255,119.3302211,1681,MF8168,厦门航空,波音737(中),07:40,10:25,首都机场,40.06248537,116.5992671,长乐机场,25.93424336,119.6801328,75%,20分钟,1,0,0,0,0,1,0
北京,39.92998578,116.395645,福州,26.0471255,119.3302211,1681,NS8168,河北航空,波音737(中),07:40,10:25,首都机场,40.06248537,116.5992671,长乐机场,25.93424336,119.6801328,75%,20分钟,1,0,0,0,0,1,0
北京,39.92998578,116.395645,福州,26.0471255,119.3302211,1681,CZ5068,南方航空,波音787(大),11:35,14:25,首都机场,40.06248537,116.5992671,长乐机场,25.93424336,119.6801328,75%,16分钟,1,1,1,1,1,1,1
北京,39.92998578,116.395645,福州,26.0471255,119.3302211,1681,MF8116,厦门航空,波音787(大),11:35,14:25,首都机场,40.06248537,116.5992671,长乐机场,25.93424336,119.6801328,75%,16分钟,1,1,1,1,1,1,1
北京,39.92998578,116.395645,福州,26.0471255,119.3302211,1681,NS8116,河北航空,波音787(大),11:35,14:25,首都机场,40.06248537,116.5992671,长乐机场,25.93424336,119.6801328,75%,16分钟,1,1,1,1,1,1,1
北京,39.92998578,116.395645,福州,26.0471255,119.3302211,1681,SC4758,山东航空,波音737(中),12:10,15:00,首都机场,40.06248537,116.5992671,长乐机场,25.93424336,119.6801328,77%,17分钟,1,1,1,1,1,1,1
北京,39.92998578,116.395645,福州,26.0471255,119.3302211,1681,MF8166,厦门航空,波音757(中),13:25,16:20,首都机场,40.06248537,116.5992671,长乐机场,25.93424336,119.6801328,85%,12分钟,1,1,1,1,1,1,1
北京,39.92998578,116.395645,福州,26.0471255,119.3302211,1681,CA1807,中国国航,波音737(中),16:25,19:15,首都机场,40.06248537,116.5992671,长乐机场,25.93424336,119.6801328,84%,11分钟,1,1,1,1,1,1,1
北京,39.92998578,116.395645,福州,26.0471255,119.3302211,1681,MF8120,厦门航空,波音787(大),19:55,22:40,首都机场,40.06248537,116.5992671,长乐机场,25.93424336,119.6801328,70%,22分钟,1,1,1,1,1,1,1
北京,39.92998578,116.395645,福州,26.0471255,119.3302211,1681,CA1821,中国国航,波音737(中),20:35,23:25,首都机场,40.06248537,116.5992671,长乐机场,25.93424336,119.6801328,69%,24分钟,1,1,1,1,1,1,1
北京,39.92998578,116.395645,福州,26.0471255,119.3302211,1681,HU7195,海南航空,波音737(中),22:10,00:55,首都机场,40.06248537,116.5992671,长乐机场,25.93424336,119.6801328,83%,11分钟,1,1,1,1,1,1,1
北京,39.92998578,116.395645,福州,26.0471255,119.3302211,1681,FU6502,福州航空,波音737(中),23:05,01:55,首都机场,40.06248537,116.5992671,长乐机场,25.93424336,119.6801328,65%,28分钟,1,0,0,0,1,0,1
北京,39.92998578,116.395645,赣州,25.84529554,114.9359091,1700,CZ3256,南方航空,空客320(中),08:05,11:10,首都机场,40.06248537,116.5992671,黄金机场,25.85146978,114.7901984,90%,8分钟,1,1,1,1,1,1,1
北京,39.92998578,116.395645,赣州,25.84529554,114.9359091,1700,CA1489,中国国航,波音737(中),16:25,19:25,首都机场,40.06248537,116.5992671,黄金机场,25.85146978,114.7901984,97%,,1,1,1,1,1,1,1
北京,39.92998578,116.395645,广元,32.44104016,105.8196869,1405,CA1457,中国国航,波音737(中),17:50,20:30,首都机场,40.06248537,116.5992671,广元机场,32.39929646,105.7111943,86%,8分钟,1,1,1,1,1,1,1
北京,39.92998578,116.395645,广州,23.1200491,113.3076497,1967,CZ3166,南方航空,空客320(中),06:30,09:50,首都机场,40.06248537,116.5992671,白云机场,23.19093714,113.2728721,96%,6分钟,1,1,1,1,1,1,1
北京,39.92998578,116.395645,广州,23.1200491,113.3076497,1967,MF1062,厦门航空,空客320(中),06:30,09:50,首都机场,40.06248537,116.5992671,白云机场,23.19093714,113.2728721,96%,6分钟,1,1,1,1,1,1,1
北京,39.92998578,116.395645,广州,23.1200491,113.3076497,1967,MU5181,东方航空,空客330(宽体机),07:20,10:40,首都机场,40.06248537,116.5992671,白云机场,23.19093714,113.2728721,93%,,1,1,1,1,1,1,1
北京,39.92998578,116.395645,广州,23.1200491,113.3076497,1967,CZ3108,南方航空,空客330(宽体机),08:30,11:45,首都机场,40.06248537,116.5992671,白云机场,23.19093714,113.2728721,84%,14分钟,1,1,1,1,1,1,1
北京,39.92998578,116.395645,广州,23.1200491,113.3076497,1967,MF1008,厦门航空,空客330(宽体机),08:30,11:45,首都机场,40.06248537,116.5992671,白云机场,23.19093714,113.2728721,84%,14分钟,1,1,1,1,1,1,1
北京,39.92998578,116.395645,广州,23.1200491,113.3076497,1967,MU3011,东方航空,空客330(宽体机),08:30,11:45,首都机场,40.06248537,116.5992671,白云机场,23.19093714,113.2728721,84%,14分钟,1,1,1,1,1,1,1
北京,39.92998578,116.395645,广州,23.1200491,113.3076497,1967,CZ3000,南方航空,空客380(大),09:30,12:45,首都机场,40.06248537,116.5992671,白云机场,23.19093714,113.2728721,80%,17分钟,1,1,1,1,1,1,1
北京,39.92998578,116.395645,广州,23.1200491,113.3076497,1967,CZ3112,南方航空,空客330(宽体机),10:30,13:55,首都机场,40.06248537,116.5992671,白云机场,23.19093714,113.2728721,96%,,1,1,0,1,0,0,0
北京,39.92998578,116.395645,广州,23.1200491,113.3076497,1967,CZ3112,南方航空,空客330(宽体机),10:30,14:00,首都机场,40.06248537,116.5992671,白云机场,23.19093714,113.2728721,96%,,0,0,1,0,1,1,1
北京,39.92998578,116.395645,广州,23.1200491,113.3076497,1967,CZ3102,南方航空,波音777(大),12:30,15:55,首都机场,40.06248537,116.5992671,白云机场,23.19093714,113.2728721,91%,17分钟,0,1,1,1,1,0,0
北京,39.92998578,116.395645,广州,23.1200491,113.3076497,1967,CZ3102,南方航空,波音777(大),12:30,16:00,首都机场,40.06248537,116.5992671,白云机场,23.19093714,113.2728721,91%,17分钟,1,0,0,0,0,1,1
北京,39.92998578,116.395645,广州,23.1200491,113.3076497,1967,CZ3106,南方航空,空客330(宽体机),13:30,16:55,首都机场,40.06248537,116.5992671,白云机场,23.19093714,113.2728721,93%,6分钟,1,0,0,0,0,0,0
北京,39.92998578,116.395645,广州,23.1200491,113.3076497,1967,MF1006,厦门航空,空客330(宽体机),13:30,16:55,首都机场,40.06248537,116.5992671,白云机场,23.19093714,113.2728721,93%,6分钟,1,0,0,0,0,0,0
北京,39.92998578,116.395645,广州,23.1200491,113.3076497,1967,MU3009,东方航空,空客330(宽体机),13:30,16:55,首都机场,40.06248537,116.5992671,白云机场,23.19093714,113.2728721,93%,6分钟,1,0,0,0,0,0,0
北京,39.92998578,116.395645,广州,23.1200491,113.3076497,1967,CZ3162,南方航空,空客330(宽体机),14:30,17:55,首都机场,40.06248537,116.5992671,白云机场,23.19093714,113.2728721,95%,,1,0,1,0,0,0,0
北京,39.92998578,116.395645,广州,23.1200491,113.3076497,1967,CZ3162,南方航空,空客330(宽体机),14:30,18:00,首都机场,40.06248537,116.5992671,白云机场,23.19093714,113.2728721,95%,,0,1,0,1,1,1,1
北京,39.92998578,116.395645,广州,23.1200491,113.3076497,1967,CZ3104,南方航空,空客380(大),15:30,19:00,首都机场,40.06248537,116.5992671,白云机场,23.19093714,113.2728721,94%,,1,0,1,0,0,0,0
北京,39.92998578,116.395645,广州,23.1200491,113.3076497,1967,CZ3104,南方航空,空客380(大),15:30,19:05,首都机场,40.06248537,116.5992671,白云机场,23.19093714,113.2728721,94%,,0,1,0,1,1,1,1
北京,39.92998578,116.395645,广州,23.1200491,113.3076497,1967,CZ323,南方航空,空客321(中),16:30,19:55,首都机场,40.06248537,116.5992671,T2白云机场,23.19093714,113.2728721,88%,9分钟,0,0,1,0,1,0,0
北京,39.92998578,116.395645,广州,23.1200491,113.3076497,1967,CZ323,南方航空,空客321(中),16:30,20:00,首都机场,40.06248537,116.5992671,T2白云机场,23.19093714,113.2728721,88%,9分钟,1,1,0,1,0,1,1
北京,39.92998578,116.395645,广州,23.1200491,113.3076497,1967,CZ3122,南方航空,空客321(中),17:30,20:50,首都机场,40.06248537,116.5992671,白云机场,23.19093714,113.2728721,94%,6分钟,1,0,1,0,1,1,0
北京,39.92998578,116.395645,广州,23.1200491,113.3076497,1967,CZ3122,南方航空,空客321(中),17:30,21:00,首都机场,40.06248537,116.5992671,白云机场,23.19093714,113.2728721,94%,6分钟,0,1,0,1,0,0,1
北京,39.92998578,116.395645,广州,23.1200491,113.3076497,1967,CZ3100,南方航空,空客330(宽体机),20:30,23:55,首都机场,40.06248537,116.5992671,白云机场,23.19093714,113.2728721,85%,17分钟,1,0,1,1,0,1,1
北京,39.92998578,116.395645,广州,23.1200491,113.3076497,1967,MF1000,厦门航空,空客330(宽体机),20:30,23:55,首都机场,40.06248537,116.5992671,白云机场,23.19093714,113.2728721,85%,17分钟,1,0,1,1,0,1,1
北京,39.92998578,116.395645,广州,23.1200491,113.3076497,1967,MU3003,东方航空,空客330(宽体机),20:30,23:55,首都机场,40.06248537,116.5992671,白云机场,23.19093714,113.2728721,85%,17分钟,1,0,1,1,0,1,1
北京,39.92998578,116.395645,桂林,25.26290125,110.2609201,1887,CN7215,大新华航空,波音737(中),09:35,12:45,首都机场,40.06248537,116.5992671,两江机场,25.22101289,110.0583873,87%,14分钟,1,1,0,1,0,1,1
北京,39.92998578,116.395645,桂林,25.26290125,110.2609201,1887,HU7215,海南航空,波音737(中),09:35,12:45,首都机场,40.06248537,116.5992671,两江机场,25.22101289,110.0583873,87%,14分钟,1,1,0,1,0,1,1
北京,39.92998578,116.395645,桂林,25.26290125,110.2609201,1887,CN7215,大新华航空,波音737(中),10:15,13:25,首都机场,40.06248537,116.5992671,两江机场,25.22101289,110.0583873,87%,14分钟,0,0,0,0,1,0,0
北京,39.92998578,116.395645,桂林,25.26290125,110.2609201,1887,HU7215,海南航空,波音737(中),10:15,13:25,首都机场,40.06248537,116.5992671,两江机场,25.22101289,110.0583873,87%,14分钟,0,0,0,0,1,0,0
北京,39.92998578,116.395645,桂林,25.26290125,110.2609201,1887,CA1471,中国国航,JET,12:35,15:45,首都机场,40.06248537,116.5992671,两江机场,25.22101289,110.0583873,78%,13分钟,1,1,1,1,1,1,1
北京,39.92998578,116.395645,桂林,25.26290125,110.2609201,1887,G54237,华夏航空,JET,12:35,15:45,首都机场,40.06248537,116.5992671,两江机场,25.22101289,110.0583873,78%,13分钟,1,1,1,1,1,1,1
北京,39.92998578,116.395645,桂林,25.26290125,110.2609201,1887,ZH1471,深圳航空,JET,12:35,15:45,首都机场,40.06248537,116.5992671,两江机场,25.22101289,110.0583873,78%,13分钟,1,1,1,1,1,1,1
北京,39.92998578,116.395645,桂林,25.26290125,110.2609201,1887,CZ3282,南方航空,波音737(中),12:40,15:50,首都机场,40.06248537,116.5992671,两江机场,25.22101289,110.0583873,86%,10分钟,1,1,1,1,1,1,1
北京,39.92998578,116.395645,桂林,25.26290125,110.2609201,1887,CA1311,中国国航,波音737(中),14:35,17:45,首都机场,40.06248537,116.5992671,两江机场,25.22101289,110.0583873,100%,,0,0,0,0,0,1,0
北京,39.92998578,116.395645,桂林,25.26290125,110.2609201,1887,CZ3288,南方航空,波音737(中),20:55,00:05,首都机场,40.06248537,116.5992671,两江机场,25.22101289,110.0583873,58%,40分钟,0,0,0,0,0,0,1
北京,39.92998578,116.395645,桂林,25.26290125,110.2609201,1887,CZ3288,南方航空,波音737(中),21:05,00:20,首都机场,40.06248537,116.5992671,两江机场,25.22101289,110.0583873,58%,40分钟,1,1,1,1,0,1,0
北京,39.92998578,116.395645,桂林,25.26290125,110.2609201,1887,CZ3288,南方航空,波音737(中),21:10,00:20,首都机场,40.06248537,116.5992671,两江机场,25.22101289,110.0583873,58%,40分钟,0,0,0,0,1,0,0
北京,39.92998578,116.395645,贵阳,26.62990674,106.7091771,2039,CZ3686,南方航空,波音737(中),06:45,10:10,首都机场,40.06248537,116.5992671,龙洞堡机场,26.54688851,106.8048428,91%,8分钟,1,1,1,1,1,1,1
北京,39.92998578,116.395645,贵阳,26.62990674,106.7091771,2039,MF1506,厦门航空,波音737(中),06:45,10:10,首都机场,40.06248537,116.5992671,龙洞堡机场,26.54688851,106.8048428,91%,8分钟,1,1,1,1,1,1,1
北京,39.92998578,116.395645,贵阳,26.62990674,106.7091771,2039,CA1461,中国国航,波音737(中),07:20,10:50,首都机场,40.06248537,116.5992671,龙洞堡机场,26.54688851,106.8048428,92%,8分钟,1,1,1,1,1,1,1
北京,39.92998578,116.395645,贵阳,26.62990674,106.7091771,2039,G54067,华夏航空,波音737(中),07:20,10:50,首都机场,40.06248537,116.5992671,龙洞堡机场,26.54688851,106.8048428,92%,8分钟,1,1,1,1,1,1,1
北京,39.92998578,116.395645,贵阳,26.62990674,106.7091771,2039,ZH1461,深圳航空,波音737(中),07:20,10:50,首都机场,40.06248537,116.5992671,龙洞堡机场,26.54688851,106.8048428,92%,8分钟,1,1,1,1,1,1,1
北京,39.92998578,116.395645,贵阳,26.62990674,106.7091771,2039,CZ6448,南方航空,波音737(中),08:15,11:35,首都机场,40.06248537,116.5992671,龙洞堡机场,26.54688851,106.8048428,89%,13分钟,1,1,1,1,1,1,1
北京,39.92998578,116.395645,贵阳,26.62990674,106.7091771,2039,G55119,华夏航空,波音737(中),08:15,11:35,首都机场,40.06248537,116.5992671,龙洞堡机场,26.54688851,106.8048428,89%,13分钟,1,1,1,1,1,1,1
北京,39.92998578,116.395645,贵阳,26.62990674,106.7091771,2039,MF4091,厦门航空,波音737(中),08:15,11:35,首都机场,40.06248537,116.5992671,龙洞堡机场,26.54688851,106.8048428,89%,13分钟,1,1,1,1,1,1,1
北京,39.92998578,116.395645,贵阳,26.62990674,106.7091771,2039,CZ3682,南方航空,波音737(中),09:15,12:30,首都机场,40.06248537,116.5992671,龙洞堡机场,26.54688851,106.8048428,70%,24分钟,1,1,1,1,1,1,1
北京,39.92998578,116.395645,贵阳,26.62990674,106.7091771,2039,G55036,华夏航空,波音737(中),09:15,12:30,首都机场,40.06248537,116.5992671,龙洞堡机场,26.54688851,106.8048428,70%,24分钟,1,1,1,1,1,1,1
北京,39.92998578,116.395645,贵阳,26.62990674,106.7091771,2039,MF1504,厦门航空,波音737(中),09:15,12:30,首都机场,40.06248537,116.5992671,龙洞堡机场,26.54688851,106.8048428,70%,24分钟,1,1,1,1,1,1,1
北京,39.92998578,116.395645,贵阳,26.62990674,106.7091771,2039,CA4162,中国国航,空客320(中),11:50,15:15,首都机场,40.06248537,116.5992671,龙洞堡机场,26.54688851,106.8048428,89%,8分钟,0,0,0,0,1,0,1
北京,39.92998578,116.395645,贵阳,26.62990674,106.7091771,2039,CZ3688,南方航空,波音737(中),11:50,15:20,首都机场,40.06248537,116.5992671,龙洞堡机场,26.54688851,106.8048428,92%,10分钟,0,1,0,0,1,0,1
北京,39.92998578,116.395645,贵阳,26.62990674,106.7091771,2039,CA4162,中国国航,空客320(中),11:55,15:15,首都机场,40.06248537,116.5992671,龙洞堡机场,26.54688851,106.8048428,89%,8分钟,1,1,1,1,0,1,0
北京,39.92998578,116.395645,贵阳,26.62990674,106.7091771,2039,CZ3688,南方航空,波音737(中),12:00,15:20,首都机场,40.06248537,116.5992671,龙洞堡机场,26.54688851,106.8048428,92%,10分钟,1,0,1,1,0,1,0
北京,39.92998578,116.395645,贵阳,26.62990674,106.7091771,2039,CA1463,中国国航,波音737(中),14:55,18:15,首都机场,40.06248537,116.5992671,龙洞堡机场,26.54688851,106.8048428,91%,6分钟,1,1,1,1,1,1,1
北京,39.92998578,116.395645,贵阳,26.62990674,106.7091771,2039,CZ6188,南方航空,波音737(中),15:05,18:25,首都机场,40.06248537,116.5992671,龙洞堡机场,26.54688851,106.8048428,88%,10分钟,1,1,1,1,1,1,1
北京,39.92998578,116.395645,贵阳,26.62990674,106.7091771,2039,CZ3654,南方航空,波音737(中),19:35,23:00,首都机场,40.06248537,116.5992671,龙洞堡机场,26.54688851,106.8048428,80%,20分钟,1,1,1,1,1,1,1
北京,39.92998578,116.395645,贵阳,26.62990674,106.7091771,2039,CA4166,中国国航,空客320(中),20:10,23:30,首都机场,40.06248537,116.5992671,龙洞堡机场,26.54688851,106.8048428,73%,26分钟,1,1,1,1,1,1,1
北京,39.92998578,116.395645,哈尔滨,45.77322463,126.6577169,1010,CA1621,中国国航,空客320(中),06:35,08:40,首都机场,40.06248537,116.5992671,太平机场,45.62907772,126.2496215,91%,18分钟,1,1,1,1,1,1,1
北京,39.92998578,116.395645,哈尔滨,45.77322463,126.6577169,1010,NZ3943,新西兰航空,空客320(中),06:35,08:40,首都机场,40.06248537,116.5992671,太平机场,45.62907772,126.2496215,91%,18分钟,1,1,1,1,1,1,1
北京,39.92998578,116.395645,哈尔滨,45.77322463,126.6577169,1010,ZH1621,深圳航空,空客320(中),06:35,08:40,首都机场,40.06248537,116.5992671,太平机场,45.62907772,126.2496215,91%,18分钟,1,1,1,1,1,1,1
北京,39.92998578,116.395645,哈尔滨,45.77322463,126.6577169,1010,3U8303,四川航空,空客319(中),06:50,08:55,首都机场,40.06248537,116.5992671,太平机场,45.62907772,126.2496215,89%,19分钟,0,1,0,1,0,1,0
北京,39.92998578,116.395645,哈尔滨,45.77322463,126.6577169,1010,CZ6657,南方航空,空客320(中),07:10,09:10,首都机场,40.06248537,116.5992671,太平机场,45.62907772,126.2496215,94%,9分钟,0,1,0,1,0,1,0
北京,39.92998578,116.395645,哈尔滨,45.77322463,126.6577169,1010,CA1689,中国国航,波音737(中),07:30,09:35,首都机场,40.06248537,116.5992671,太平机场,45.62907772,126.2496215,92%,,0,1,0,1,0,1,0
北京,39.92998578,116.395645,哈尔滨,45.77322463,126.6577169,1010,CN7129,大新华航空,波音737(中),07:55,09:55,首都机场,40.06248537,116.5992671,太平机场,45.62907772,126.2496215,92%,10分钟,1,1,1,1,1,1,1
北京,39.92998578,116.395645,哈尔滨,45.77322463,126.6577169,1010,HU7129,海南航空,波音737(中),07:55,09:55,首都机场,40.06248537,116.5992671,太平机场,45.62907772,126.2496215,92%,13分钟,1,1,1,1,1,1,1
北京,39.92998578,116.395645,哈尔滨,45.77322463,126.6577169,1010,HX1129,香港航空,波音737(中),07:55,09:55,首都机场,40.06248537,116.5992671,太平机场,45.62907772,126.2496215,92%,13分钟,1,1,1,1,1,1,1
北京,39.92998578,116.395645,哈尔滨,45.77322463,126.6577169,1010,CZ9158,南方航空,波音737(中),08:15,10:15,首都机场,40.06248537,116.5992671,太平机场,45.62907772,126.2496215,88%,16分钟,1,1,1,1,1,1,1
北京,39.92998578,116.395645,哈尔滨,45.77322463,126.6577169,1010,MU2467,东方航空,波音737(中),08:15,10:15,首都机场,40.06248537,116.5992671,太平机场,45.62907772,126.2496215,88%,16分钟,1,1,1,1,1,1,1
北京,39.92998578,116.395645,哈尔滨,45.77322463,126.6577169,1010,CA1643,中国国航,JET,08:50,10:55,首都机场,40.06248537,116.5992671,太平机场,45.62907772,126.2496215,87%,15分钟,1,1,1,1,1,1,1
北京,39.92998578,116.395645,哈尔滨,45.77322463,126.6577169,1010,ZH1643,深圳航空,JET,08:50,10:55,首都机场,40.06248537,116.5992671,太平机场,45.62907772,126.2496215,87%,15分钟,1,1,1,1,1,1,1
北京,39.92998578,116.395645,哈尔滨,45.77322463,126.6577169,1010,CZ6204,南方航空,空客320(中),09:05,11:05,首都机场,40.06248537,116.5992671,太平机场,45.62907772,126.2496215,80%,20分钟,1,1,1,1,1,1,1
北京,39.92998578,116.395645,哈尔滨,45.77322463,126.6577169,1010,MF1873,厦门航空,空客320(中),09:05,11:05,首都机场,40.06248537,116.5992671,太平机场,45.62907772,126.2496215,80%,20分钟,1,1,1,1,1,1,1
北京,39.92998578,116.395645,哈尔滨,45.77322463,126.6577169,1010,MU3616,东方航空,空客320(中),09:05,11:05,首都机场,40.06248537,116.5992671,太平机场,45.62907772,126.2496215,80%,20分钟,1,1,1,1,1,1,1
北京,39.92998578,116.395645,哈尔滨,45.77322463,126.6577169,1010,CZ6267,南方航空,空客320(中),11:00,13:00,首都机场,40.06248537,116.5992671,太平机场,45.62907772,126.2496215,79%,15分钟,0,1,0,1,0,1,0
北京,39.92998578,116.395645,哈尔滨,45.77322463,126.6577169,1010,CZ6220,南方航空,空客321(中),11:45,13:45,首都机场,40.06248537,116.5992671,太平机场,45.62907772,126.2496215,78%,18分钟,1,1,1,1,1,1,1
北京,39.92998578,116.395645,哈尔滨,45.77322463,126.6577169,1010,CA1623,中国国航,波音737(中),12:50,14:50,首都机场,40.06248537,116.5992671,太平机场,45.62907772,126.2496215,81%,12分钟,1,1,1,1,1,1,1
北京,39.92998578,116.395645,哈尔滨,45.77322463,126.6577169,1010,NZ3945,新西兰航空,波音737(中),12:50,14:50,首都机场,40.06248537,116.5992671,太平机场,45.62907772,126.2496215,81%,12分钟,1,1,1,1,1,1,1
北京,39.92998578,116.395645,哈尔滨,45.77322463,126.6577169,1010,CN7149,大新华航空,波音737(中),13:50,16:00,首都机场,40.06248537,116.5992671,太平机场,45.62907772,126.2496215,87%,14分钟,0,1,0,1,1,1,1
北京,39.92998578,116.395645,哈尔滨,45.77322463,126.6577169,1010,HU7149,海南航空,波音737(中),13:50,16:00,首都机场,40.06248537,116.5992671,太平机场,45.62907772,126.2496215,87%,14分钟,0,1,0,1,1,1,1
北京,39.92998578,116.395645,哈尔滨,45.77322463,126.6577169,1010,HX1149,香港航空,波音737(中),13:50,16:00,首都机场,40.06248537,116.5992671,太平机场,45.62907772,126.2496215,87%,14分钟,0,1,0,1,1,1,1
北京,39.92998578,116.395645,哈尔滨,45.77322463,126.6577169,1010,MU2717,东方航空,空客320(中),14:05,16:15,首都机场,40.06248537,116.5992671,太平机场,45.62907772,126.2496215,86%,14分钟,1,1,1,1,1,1,1
北京,39.92998578,116.395645,哈尔滨,45.77322463,126.6577169,1010,CZ6208,南方航空,空客320(中),16:55,19:10,首都机场,40.06248537,116.5992671,太平机场,45.62907772,126.2496215,89%,13分钟,1,1,1,1,1,1,1
北京,39.92998578,116.395645,哈尔滨,45.77322463,126.6577169,1010,CZ6218,南方航空,空客321(中),17:55,20:05,首都机场,40.06248537,116.5992671,太平机场,45.62907772,126.2496215,76%,20分钟,1,1,1,1,1,1,1
北京,39.92998578,116.395645,哈尔滨,45.77322463,126.6577169,1010,CN7127,大新华航空,波音737(中),19:05,21:05,首都机场,40.06248537,116.5992671,太平机场,45.62907772,126.2496215,87%,15分钟,0,1,0,0,1,0,1
北京,39.92998578,116.395645,哈尔滨,45.77322463,126.6577169,1010,HU7127,海南航空,波音737(中),19:05,21:05,首都机场,40.06248537,116.5992671,太平机场,45.62907772,126.2496215,87%,15分钟,0,1,0,0,1,0,1
北京,39.92998578,116.395645,哈尔滨,45.77322463,126.6577169,1010,HX1127,香港航空,波音737(中),19:05,21:05,首都机场,40.06248537,116.5992671,太平机场,45.62907772,126.2496215,87%,15分钟,0,1,0,0,1,0,1
北京,39.92998578,116.395645,哈尔滨,45.77322463,126.6577169,1010,CZ9307,南方航空,空客320(中),19:40,21:40,首都机场,40.06248537,116.5992671,太平机场,45.62907772,126.2496215,81%,11分钟,1,1,1,1,1,1,1
北京,39.92998578,116.395645,哈尔滨,45.77322463,126.6577169,1010,MU5197,东方航空,空客320(中),19:40,21:40,首都机场,40.06248537,116.5992671,太平机场,45.62907772,126.2496215,81%,11分钟,1,1,1,1,1,1,1
北京,39.92998578,116.395645,哈尔滨,45.77322463,126.6577169,1010,CN7127,大新华航空,波音737(中),20:05,22:05,首都机场,40.06248537,116.5992671,太平机场,45.62907772,126.2496215,87%,15分钟,1,0,1,1,0,1,0
北京,39.92998578,116.395645,哈尔滨,45.77322463,126.6577169,1010,HU7127,海南航空,波音737(中),20:05,22:05,首都机场,40.06248537,116.5992671,太平机场,45.62907772,126.2496215,87%,15分钟,1,0,1,1,0,1,0
北京,39.92998578,116.395645,哈尔滨,45.77322463,126.6577169,1010,HX1127,香港航空,波音737(中),20:05,22:05,首都机场,40.06248537,116.5992671,太平机场,45.62907772,126.2496215,87%,15分钟,1,0,1,1,0,1,0
北京,39.92998578,116.395645,哈尔滨,45.77322463,126.6577169,1010,CA1639,中国国航,波音737(中),20:10,22:15,首都机场,40.06248537,116.5992671,太平机场,45.62907772,126.2496215,91%,7分钟,1,1,1,1,1,1,1
北京,39.92998578,116.395645,哈尔滨,45.77322463,126.6577169,1010,NZ3947,新西兰航空,波音737(中),20:10,22:15,首都机场,40.06248537,116.5992671,太平机场,45.62907772,126.2496215,91%,7分钟,1,1,1,1,1,1,1
北京,39.92998578,116.395645,哈尔滨,45.77322463,126.6577169,1010,CZ6202,南方航空,空客319(中),22:05,00:10,首都机场,40.06248537,116.5992671,太平机场,45.62907772,126.2496215,83%,13分钟,1,1,1,1,1,1,1
北京,39.92998578,116.395645,海口,20.02207128,110.3308018,2493,CA1361,中国国航,波音737(中),06:20,10:25,首都机场,40.06248537,116.5992671,美兰机场,19.94518993,110.4673336,94%,,1,1,1,1,1,1,1
北京,39.92998578,116.395645,海口,20.02207128,110.3308018,2493,ZH1361,深圳航空,波音737(中),06:20,10:25,首都机场,40.06248537,116.5992671,美兰机场,19.94518993,110.4673336,94%,,1,1,1,1,1,1,1
北京,39.92998578,116.395645,海口,20.02207128,110.3308018,2493,JD5395,首都航空,JET,07:15,12:30,首都机场,40.06248537,116.5992671,美兰机场,19.94518993,110.4673336,76%,43分钟,0,1,0,1,0,1,1
北京,39.92998578,116.395645,海口,20.02207128,110.3308018,2493,JD5595,首都航空,空客319(中),07:15,12:50,首都机场,40.06248537,116.5992671,美兰机场,19.94518993,110.4673336,90%,7分钟,1,0,1,0,1,0,0
北京,39.92998578,116.395645,海口,20.02207128,110.3308018,2493,CZ6720,南方航空,空客330(宽体机),07:55,12:10,首都机场,40.06248537,116.5992671,美兰机场,19.94518993,110.4673336,91%,7分钟,1,1,1,1,1,1,1
北京,39.92998578,116.395645,海口,20.02207128,110.3308018,2493,HU7682,海南航空,波音737(中),09:15,14:50,首都机场,40.06248537,116.5992671,美兰机场,19.94518993,110.4673336,89%,14分钟,1,1,1,1,1,1,1
北京,39.92998578,116.395645,海口,20.02207128,110.3308018,2493,CZ3120,南方航空,空客321(中),13:20,17:25,首都机场,40.06248537,116.5992671,美兰机场,19.94518993,110.4673336,92%,,1,1,1,1,1,1,1
北京,39.92998578,116.395645,海口,20.02207128,110.3308018,2493,MU5161,东方航空,空客321(中),13:55,18:05,首都机场,40.06248537,116.5992671,美兰机场,19.94518993,110.4673336,89%,14分钟,0,1,0,1,0,0,1
北京,39.92998578,116.395645,海口,20.02207128,110.3308018,2493,CZ6366,南方航空,空客321(中),15:05,19:15,首都机场,40.06248537,116.5992671,美兰机场,19.94518993,110.4673336,96%,6分钟,1,1,1,1,1,1,1
北京,39.92998578,116.395645,海口,20.02207128,110.3308018,2493,HU7776,海南航空,波音737(中),19:05,00:40,首都机场,40.06248537,116.5992671,美兰机场,19.94518993,110.4673336,90%,6分钟,1,1,1,1,1,1,1
北京,39.92998578,116.395645,海口,20.02207128,110.3308018,2493,CZ6158,南方航空,空客321(中),20:40,00:45,首都机场,40.06248537,116.5992671,美兰机场,19.94518993,110.4673336,82%,25分钟,1,1,1,1,1,1,1
北京,39.92998578,116.395645,海口,20.02207128,110.3308018,2493,MF1837,厦门航空,空客321(中),20:40,00:45,首都机场,40.06248537,116.5992671,美兰机场,19.94518993,110.4673336,83%,21分钟,1,1,1,1,1,1,1
北京,39.92998578,116.395645,海拉尔,49.27924546,120.0428821,1313,CN7101,大新华航空,波音737(中),20:30,22:50,首都机场,40.06248537,116.5992671,东山机场,49.21954794,119.8320182,94%,6分钟,1,1,0,1,1,1,0
北京,39.92998578,116.395645,海拉尔,49.27924546,120.0428821,1313,HU7101,海南航空,波音737(中),20:30,22:50,首都机场,40.06248537,116.5992671,东山机场,49.21954794,119.8320182,94%,6分钟,1,1,0,1,1,1,0
北京,39.92998578,116.395645,哈密,42.3444671,93.52937301,2802,CA1229,中国国航,波音737(中),07:25,11:10,首都机场,40.06248537,116.5992671,哈密机场,42.3444671,93.52937301,90%,14分钟,1,0,1,0,1,1,0
北京,39.92998578,116.395645,哈密,42.3444671,93.52937301,2802,CA1299,中国国航,波音737(中),07:55,11:40,首都机场,40.06248537,116.5992671,哈密机场,42.3444671,93.52937301,89%,12分钟,0,1,0,1,0,0,1
北京,39.92998578,116.395645,哈密,42.3444671,93.52937301,2802,ZH1299,深圳航空,波音737(中),07:55,11:40,首都机场,40.06248537,116.5992671,哈密机场,42.3444671,93.52937301,89%,12分钟,0,1,0,1,0,0,1
北京,39.92998578,116.395645,杭州,30.25924446,120.2193754,1200,GJ8888,长龙航空,空客320(中),06:30,08:45,首都机场,40.06248537,116.5992671,萧山机场,30.24722389,120.4414091,91%,15分钟,1,0,0,0,0,0,0
北京,39.92998578,116.395645,杭州,30.25924446,120.2193754,1200,FM9158,上海航空,波音737(中),06:40,09:05,首都机场,40.06248537,116.5992671,萧山机场,30.24722389,120.4414091,94%,10分钟,0,1,1,1,0,0,0
北京,39.92998578,116.395645,杭州,30.25924446,120.2193754,1200,MU9158,东方航空,波音737(中),06:40,09:05,首都机场,40.06248537,116.5992671,萧山机场,30.24722389,120.4414091,94%,10分钟,0,1,1,1,0,0,0
北京,39.92998578,116.395645,杭州,30.25924446,120.2193754,1200,CA1565,中国国航,空客319(中),06:45,08:55,首都机场,40.06248537,116.5992671,萧山机场,30.24722389,120.4414091,93%,7分钟,0,0,0,1,0,0,0
北京,39.92998578,116.395645,杭州,30.25924446,120.2193754,1200,CA1565,中国国航,空客319(中),06:45,08:55,首都机场,40.06248537,116.5992671,萧山机场,30.24722389,120.4414091,93%,7分钟,1,1,1,0,1,1,1
北京,39.92998578,116.395645,杭州,30.25924446,120.2193754,1200,ZH1565,深圳航空,空客319(中),06:45,08:55,首都机场,40.06248537,116.5992671,萧山机场,30.24722389,120.4414091,93%,7分钟,0,0,0,1,0,0,0
北京,39.92998578,116.395645,杭州,30.25924446,120.2193754,1200,ZH1565,深圳航空,空客319(中),06:45,08:55,首都机场,40.06248537,116.5992671,萧山机场,30.24722389,120.4414091,93%,7分钟,1,1,1,0,1,1,1
北京,39.92998578,116.395645,杭州,30.25924446,120.2193754,1200,FM9158,上海航空,波音737(中),06:50,09:05,首都机场,40.06248537,116.5992671,萧山机场,30.24722389,120.4414091,94%,10分钟,0,0,0,0,1,0,1
北京,39.92998578,116.395645,杭州,30.25924446,120.2193754,1200,MU9158,东方航空,波音737(中),06:50,09:05,首都机场,40.06248537,116.5992671,萧山机场,30.24722389,120.4414091,94%,10分钟,0,0,0,0,1,0,1
北京,39.92998578,116.395645,杭州,30.25924446,120.2193754,1200,FM9158,上海航空,波音737(中),06:55,09:05,首都机场,40.06248537,116.5992671,萧山机场,30.24722389,120.4414091,94%,10分钟,1,0,0,0,0,1,0
北京,39.92998578,116.395645,杭州,30.25924446,120.2193754,1200,MU9158,东方航空,波音737(中),06:55,09:05,首都机场,40.06248537,116.5992671,萧山机场,30.24722389,120.4414091,94%,10分钟,1,0,0,0,0,1,0
北京,39.92998578,116.395645,杭州,30.25924446,120.2193754,1200,GJ8888,长龙航空,空客320(中),07:30,09:45,首都机场,40.06248537,116.5992671,萧山机场,30.24722389,120.4414091,91%,15分钟,0,1,1,1,1,1,1
北京,39.92998578,116.395645,杭州,30.25924446,120.2193754,1200,CA1509,中国国航,空客321(窄体机),07:50,10:00,首都机场,40.06248537,116.5992671,萧山机场,30.24722389,120.4414091,95%,,1,1,1,1,1,1,1
北京,39.92998578,116.395645,杭州,30.25924446,120.2193754,1200,HA3814,夏威夷航空,空客321(中),07:50,10:00,首都机场,40.06248537,116.5992671,萧山机场,30.24722389,120.4414091,95%,,1,1,1,1,1,1,1
北京,39.92998578,116.395645,杭州,30.25924446,120.2193754,1200,ZH1509,深圳航空,空客321(窄体机),07:50,10:00,首都机场,40.06248537,116.5992671,萧山机场,30.24722389,120.4414091,95%,,1,1,1,1,1,1,1
北京,39.92998578,116.395645,杭州,30.25924446,120.2193754,1200,HU7677,海南航空,波音737(中),08:10,10:20,首都机场,40.06248537,116.5992671,萧山机场,30.24722389,120.4414091,90%,7分钟,1,1,1,1,1,1,1
北京,39.92998578,116.395645,杭州,30.25924446,120.2193754,1200,CA1702,中国国航,空客321(窄体机),10:50,13:05,首都机场,40.06248537,116.5992671,萧山机场,30.24722389,120.4414091,86%,8分钟,0,0,0,0,1,0,1
北京,39.92998578,116.395645,杭州,30.25924446,120.2193754,1200,ZH1702,深圳航空,空客321(窄体机),10:50,13:05,首都机场,40.06248537,116.5992671,萧山机场,30.24722389,120.4414091,86%,8分钟,0,0,0,0,1,0,1
北京,39.92998578,116.395645,杭州,30.25924446,120.2193754,1200,CA1702,中国国航,空客321(窄体机),11:10,13:20,首都机场,40.06248537,116.5992671,萧山机场,30.24722389,120.4414091,86%,8分钟,1,1,1,1,0,1,0
北京,39.92998578,116.395645,杭州,30.25924446,120.2193754,1200,CA1712,中国国航,JET,12:45,14:55,首都机场,40.06248537,116.5992671,萧山机场,30.24722389,120.4414091,89%,9分钟,1,1,1,1,1,1,1
北京,39.92998578,116.395645,杭州,30.25924446,120.2193754,1200,ZH1712,深圳航空,JET,12:45,14:55,首都机场,40.06248537,116.5992671,萧山机场,30.24722389,120.4414091,89%,9分钟,1,1,1,1,1,1,1
北京,39.92998578,116.395645,杭州,30.25924446,120.2193754,1200,FM9152,上海航空,波音737(中),14:00,16:15,首都机场,40.06248537,116.5992671,萧山机场,30.24722389,120.4414091,89%,6分钟,1,1,1,1,1,1,1
北京,39.92998578,116.395645,杭州,30.25924446,120.2193754,1200,MU9152,东方航空,波音737(中),14:00,16:15,首都机场,40.06248537,116.5992671,萧山机场,30.24722389,120.4414091,89%,6分钟,1,1,1,1,1,1,1
北京,39.92998578,116.395645,杭州,30.25924446,120.2193754,1200,CA1716,中国国航,空客321(窄体机),14:30,16:40,首都机场,40.06248537,116.5992671,萧山机场,30.24722389,120.4414091,75%,19分钟,1,1,1,1,1,1,1
北京,39.92998578,116.395645,杭州,30.25924446,120.2193754,1200,ZH1716,深圳航空,空客321(窄体机),14:30,16:40,首都机场,40.06248537,116.5992671,萧山机场,30.24722389,120.4414091,75%,19分钟,1,1,1,1,1,1,1